--SET DEFINE OFF;
REM INSERTING into M_TARIFF
SET DEFINE OFF;
Insert into M_TARIFF (ID,TYPE,FROM_DATE,TO_DATE,WEG_GROUP_CODE,RATE,REFERENCE) values ('1','WindTariff',null,to_date('14-05-06','DD-MM-RR'),'GROUP-1','2.75','TNERC Order No.3 Date:15.5.2006');
Insert into M_TARIFF (ID,TYPE,FROM_DATE,TO_DATE,WEG_GROUP_CODE,RATE,REFERENCE) values ('2','WindTariff',to_date('15-05-06','DD-MM-RR'),to_date('19-03-09','DD-MM-RR'),'GROUP-2','2.9','TNERC Order No.3 Date:15.5.2006');
Insert into M_TARIFF (ID,TYPE,FROM_DATE,TO_DATE,WEG_GROUP_CODE,RATE,REFERENCE) values ('3','WindTariff',to_date('20-03-09','DD-MM-RR'),to_date('31-03-09','DD-MM-RR'),'GROUP-3','3.25','TNERC Order No.1 Date:20.3.2009');
Insert into M_TARIFF (ID,TYPE,FROM_DATE,TO_DATE,WEG_GROUP_CODE,RATE,REFERENCE) values ('4','WindTariff',to_date('01-04-09','DD-MM-RR'),to_date('31-07-12','DD-MM-RR'),'GROUP-4','3.39','TNERC Order No.1 Date:20.3.2009');
Insert into M_TARIFF (ID,TYPE,FROM_DATE,TO_DATE,WEG_GROUP_CODE,RATE,REFERENCE) values ('5','WindTariff',to_date('01-08-12','DD-MM-RR'),to_date('31-03-16','DD-MM-RR'),'GROUP-5','3.51','TNERC Order No.6 Date:31.07.2012');
Insert into M_TARIFF (ID,TYPE,FROM_DATE,TO_DATE,WEG_GROUP_CODE,RATE,REFERENCE) values ('6','WindTariff',to_date('01-04-16','DD-MM-RR'),null,'GROUP-6-NO-AD','4.16','TNERC Order No.3 Date:31.03.2016');
Insert into M_TARIFF (ID,TYPE,FROM_DATE,TO_DATE,WEG_GROUP_CODE,RATE,REFERENCE) values ('7','WindTariff',to_date('01-04-16','DD-MM-RR'),null,'GROUP-6','3.7','TNERC Order No.3 Date:31.03.2016');

REM INSERTING into M_LOV_HEADER
SET DEFINE OFF;
Insert into M_LOV_HEADER (CODE,NAME,REMARKS) values ('PLANT_TYPE_CODE','Plant Type Code','');
Insert into M_LOV_HEADER (CODE,NAME,REMARKS) values ('FUEL_TYPE_CODE','Fuel Type Code','');
Insert into M_LOV_HEADER (CODE,NAME,REMARKS) values ('STATE_CODE','State Code','');
Insert into M_LOV_HEADER (CODE,NAME,REMARKS) values ('TALUK_CODE','Taluk Code','');
Insert into M_LOV_HEADER (CODE,NAME,REMARKS) values ('DISTRICT_CODE','District Code','');
Insert into M_LOV_HEADER (CODE,NAME,REMARKS) values ('GENERATOR_MAKE_CODE','Generator Make Code','');
Insert into M_LOV_HEADER (CODE,NAME,REMARKS) values ('WIND_PASS_CODE','Wind Pass Code','');
Insert into M_LOV_HEADER (CODE,NAME,REMARKS) values ('ORG_TYPE_CODE','Organisation Type Code','');
Insert into M_LOV_HEADER (CODE,NAME,REMARKS) values ('EDC_PASS_CODE_MAP', 'EDC - PassCode Mapping','');
Insert into M_LOV_HEADER (CODE,NAME,REMARKS) values ('BUYER_TYPE_CODE', 'Meter Accuracy Type','');
Insert into M_LOV_HEADER (CODE,NAME,REMARKS) values ('ACCURACY_CLASS_TYPE_CODE', 'Meter Accuracy Type','');
Insert into M_LOV_HEADER (CODE,NAME,REMARKS) values ('PLANT_CLASS_TYPE_CODE', 'Plant Class Type','');
Insert into M_LOV_HEADER (CODE,NAME,REMARKS) values ('VOLTAGE_CODE', 'Voltage','');
Insert into M_LOV_HEADER (CODE,NAME,REMARKS) values ('PURPOSE_CODE', 'Purpose','');
Insert into M_LOV_HEADER (CODE,NAME,REMARKS) values ('METER_MAKE_CODE', 'Meter Make','');
Insert into M_LOV_HEADER (CODE,NAME,REMARKS) values ('SERVICE_TYPE_CODE', 'Service Type Code','');
Insert into M_LOV_HEADER (CODE,NAME,REMARKS) values ('COMPANY_TYPE_CODE', 'Company Type Code','');
Insert into M_LOV_HEADER (CODE,NAME,REMARKS) values ('TRADE_REL_STATUS_CODE', 'Trade Relationship Status Code','');
Insert into M_LOV_HEADER (CODE,NAME,REMARKS) values ('SLOT_CODE', 'Slot codes','there will be ideally 5 slots in a day');
Insert into M_LOV_HEADER (CODE,NAME,REMARKS) values ('CHARGE_TYPE_CODE', 'Charge Type Code','');

REM INSERTING into M_LOV_DETAIL
SET DEFINE OFF;


INSERT INTO M_LOV_DETAIL (M_LOV_CODE, CODE, VALUE_DESC, ENABLED) VALUES ('CHARGE_TYPE_CODE', 'LUMP_SUM', 'Lump Sum Charge', 'Y');
INSERT INTO M_LOV_DETAIL (M_LOV_CODE, CODE, VALUE_DESC, ENABLED) VALUES ('CHARGE_TYPE_CODE', 'FORMULA', 'Formula Based Charge', 'Y');

INSERT INTO M_LOV_DETAIL (M_LOV_CODE, CODE, VALUE_DESC, ENABLED) VALUES ('SLOT_CODE', '01', 'Slot 1', 'Y');
INSERT INTO M_LOV_DETAIL (M_LOV_CODE, CODE, VALUE_DESC, ENABLED) VALUES ('SLOT_CODE', '02', 'Slot 2', 'Y');
INSERT INTO M_LOV_DETAIL (M_LOV_CODE, CODE, VALUE_DESC, ENABLED) VALUES ('SLOT_CODE', '03', 'Slot 3', 'Y');
INSERT INTO M_LOV_DETAIL (M_LOV_CODE, CODE, VALUE_DESC, ENABLED) VALUES ('SLOT_CODE', '04', 'Slot 4', 'Y');
INSERT INTO M_LOV_DETAIL (M_LOV_CODE, CODE, VALUE_DESC, ENABLED) VALUES ('SLOT_CODE', '05', 'Slot 5', 'Y');



INSERT INTO M_LOV_DETAIL (M_LOV_CODE, CODE, VALUE_DESC, ENABLED) VALUES ('TRADE_REL_STATUS_CODE', '01', 'Established', 'Y');
INSERT INTO M_LOV_DETAIL (M_LOV_CODE, CODE, VALUE_DESC, ENABLED) VALUES ('TRADE_REL_STATUS_CODE', '02', 'Active', 'Y');

INSERT INTO M_LOV_DETAIL (M_LOV_CODE, CODE, VALUE_DESC, ENABLED) VALUES ('COMPANY_TYPE_CODE', '01', 'Sole Proprietary', 'Y');
INSERT INTO M_LOV_DETAIL (M_LOV_CODE, CODE, VALUE_DESC, ENABLED) VALUES ('COMPANY_TYPE_CODE', '02', 'Co-Op', 'Y');
INSERT INTO M_LOV_DETAIL (M_LOV_CODE, CODE, VALUE_DESC, ENABLED) VALUES ('COMPANY_TYPE_CODE', '03', 'Association Of Person', 'Y');
INSERT INTO M_LOV_DETAIL (M_LOV_CODE, CODE, VALUE_DESC, ENABLED) VALUES ('COMPANY_TYPE_CODE', '04', 'Private Ltd', 'Y');
INSERT INTO M_LOV_DETAIL (M_LOV_CODE, CODE, VALUE_DESC, ENABLED) VALUES ('COMPANY_TYPE_CODE', '05', 'Others', 'Y');


INSERT INTO M_LOV_DETAIL (M_LOV_CODE, CODE, VALUE_DESC, ENABLED) VALUES ('SERVICE_TYPE_CODE', '01', 'Banking', 'Y');
INSERT INTO M_LOV_DETAIL (M_LOV_CODE, CODE, VALUE_DESC, ENABLED) VALUES ('SERVICE_TYPE_CODE', '02', 'Buyer', 'Y');
INSERT INTO M_LOV_DETAIL (M_LOV_CODE, CODE, VALUE_DESC, ENABLED) VALUES ('SERVICE_TYPE_CODE', '01', 'Seller', 'Y');

INSERT INTO M_LOV_DETAIL (M_LOV_CODE, CODE, VALUE_DESC, ENABLED) VALUES ('WIND_PASS_CODE', '01', 'ARALVOIMOZHI', 'Y');
INSERT INTO M_LOV_DETAIL (M_LOV_CODE, CODE, VALUE_DESC, ENABLED) VALUES ('WIND_PASS_CODE', '02', 'CUMBUM PASS', 'Y');
INSERT INTO M_LOV_DETAIL (M_LOV_CODE, CODE, VALUE_DESC, ENABLED) VALUES ('WIND_PASS_CODE', '03', 'PALGHAT PASS', 'Y');
INSERT INTO M_LOV_DETAIL (M_LOV_CODE, CODE, VALUE_DESC, ENABLED) VALUES ('WIND_PASS_CODE', '04', 'SHENCOTTAH', 'Y');

INSERT INTO M_LOV_DETAIL (M_LOV_CODE, CODE, VALUE_DESC, ENABLED) VALUES ('METER_MAKE_CODE', '01', 'HMV Meter', 'Y');
INSERT INTO M_LOV_DETAIL (M_LOV_CODE, CODE, VALUE_DESC, ENABLED) VALUES ('METER_MAKE_CODE', '02', 'Galaxy Meter', 'Y');

INSERT INTO M_LOV_DETAIL (M_LOV_CODE, CODE, VALUE_DESC, ENABLED) VALUES ('PURPOSE_CODE', '01', 'Buyer', 'Y');
INSERT INTO M_LOV_DETAIL (M_LOV_CODE, CODE, VALUE_DESC, ENABLED) VALUES ('PURPOSE_CODE', '02', 'Seller', 'Y');
--INSERT INTO M_LOV_DETAIL (M_LOV_CODE, CODE, VALUE_DESC, ENABLED) VALUES ('PURPOSE_CODE', '03', 'Trader', 'Y');

INSERT INTO M_LOV_DETAIL (M_LOV_CODE, CODE, VALUE_DESC, ENABLED, ATTRIB1) VALUES ('VOLTAGE_CODE', '01', '11KV', 'Y', '11');
INSERT INTO M_LOV_DETAIL (M_LOV_CODE, CODE, VALUE_DESC, ENABLED, ATTRIB1) VALUES ('VOLTAGE_CODE', '02', '22KV', 'Y','22');
INSERT INTO M_LOV_DETAIL (M_LOV_CODE, CODE, VALUE_DESC, ENABLED, ATTRIB1) VALUES ('VOLTAGE_CODE', '03', '22-11KV', 'Y', null);
INSERT INTO M_LOV_DETAIL (M_LOV_CODE, CODE, VALUE_DESC, ENABLED, ATTRIB1) VALUES ('VOLTAGE_CODE', '04', '23KV', 'Y','23');
INSERT INTO M_LOV_DETAIL (M_LOV_CODE, CODE, VALUE_DESC, ENABLED, ATTRIB1) VALUES ('VOLTAGE_CODE', '05', '33KV', 'Y', '33');
INSERT INTO M_LOV_DETAIL (M_LOV_CODE, CODE, VALUE_DESC, ENABLED, ATTRIB1) VALUES ('VOLTAGE_CODE', '06', '33-11KV', 'Y', null);
INSERT INTO M_LOV_DETAIL (M_LOV_CODE, CODE, VALUE_DESC, ENABLED, ATTRIB1) VALUES ('VOLTAGE_CODE', '07', '66KV', 'Y', '66');
INSERT INTO M_LOV_DETAIL (M_LOV_CODE, CODE, VALUE_DESC, ENABLED, ATTRIB1) VALUES ('VOLTAGE_CODE', '08', '110KV', 'Y', '110');
INSERT INTO M_LOV_DETAIL (M_LOV_CODE, CODE, VALUE_DESC, ENABLED, ATTRIB1) VALUES ('VOLTAGE_CODE', '09', '230KV', 'Y', '230');

INSERT INTO M_LOV_DETAIL (M_LOV_CODE, CODE, VALUE_DESC, ENABLED) VALUES ('PLANT_CLASS_TYPE_CODE', '01', 'I', 'Y');
INSERT INTO M_LOV_DETAIL (M_LOV_CODE, CODE, VALUE_DESC, ENABLED) VALUES ('PLANT_CLASS_TYPE_CODE', '02', 'II', 'Y');
INSERT INTO M_LOV_DETAIL (M_LOV_CODE, CODE, VALUE_DESC, ENABLED) VALUES ('PLANT_CLASS_TYPE_CODE', '03', 'III', 'Y');
INSERT INTO M_LOV_DETAIL (M_LOV_CODE, CODE, VALUE_DESC, ENABLED) VALUES ('PLANT_CLASS_TYPE_CODE', '04', 'IV', 'Y');

INSERT INTO M_LOV_DETAIL (M_LOV_CODE, CODE, VALUE_DESC, ENABLED) VALUES ('ACCURACY_CLASS_TYPE_CODE', '01', '0.2 Class', 'Y');
INSERT INTO M_LOV_DETAIL (M_LOV_CODE, CODE, VALUE_DESC, ENABLED) VALUES ('ACCURACY_CLASS_TYPE_CODE', '02', '0.5 Class', 'Y');

INSERT INTO M_LOV_DETAIL (M_LOV_CODE, CODE, VALUE_DESC, ENABLED) VALUES ('BUYER_TYPE_CODE', '01', 'Mere Parallel', 'Y');
INSERT INTO M_LOV_DETAIL (M_LOV_CODE, CODE, VALUE_DESC, ENABLED) VALUES ('BUYER_TYPE_CODE', '02', 'Sale to Board', 'Y');
INSERT INTO M_LOV_DETAIL (M_LOV_CODE, CODE, VALUE_DESC, ENABLED) VALUES ('BUYER_TYPE_CODE', '03', 'Captive Use', 'Y');
INSERT INTO M_LOV_DETAIL (M_LOV_CODE, CODE, VALUE_DESC, ENABLED) VALUES ('BUYER_TYPE_CODE', '04', 'Third Party', 'Y');

INSERT INTO M_LOV_DETAIL (M_LOV_CODE, CODE, VALUE_DESC, ENABLED) VALUES ('DISTRICT_CODE', '01', 'Kanchipuram', 'Y');
INSERT INTO M_LOV_DETAIL (M_LOV_CODE, CODE, VALUE_DESC, ENABLED) VALUES ('DISTRICT_CODE', '02', 'Tiruvallur', 'Y');
INSERT INTO M_LOV_DETAIL (M_LOV_CODE, CODE, VALUE_DESC, ENABLED) VALUES ('DISTRICT_CODE', '03', 'Cuddalore', 'Y');
INSERT INTO M_LOV_DETAIL (M_LOV_CODE, CODE, VALUE_DESC, ENABLED) VALUES ('DISTRICT_CODE', '04', 'Villupuram', 'Y');
INSERT INTO M_LOV_DETAIL (M_LOV_CODE, CODE, VALUE_DESC, ENABLED) VALUES ('DISTRICT_CODE', '05', 'Vellore', 'Y');
INSERT INTO M_LOV_DETAIL (M_LOV_CODE, CODE, VALUE_DESC, ENABLED) VALUES ('DISTRICT_CODE', '06', 'Tiruvannamalai', 'Y');
INSERT INTO M_LOV_DETAIL (M_LOV_CODE, CODE, VALUE_DESC, ENABLED) VALUES ('DISTRICT_CODE', '07', 'Salem', 'Y');
INSERT INTO M_LOV_DETAIL (M_LOV_CODE, CODE, VALUE_DESC, ENABLED) VALUES ('DISTRICT_CODE', '08', 'Namakkal', 'Y');
INSERT INTO M_LOV_DETAIL (M_LOV_CODE, CODE, VALUE_DESC, ENABLED) VALUES ('DISTRICT_CODE', '09', 'Dharmapuri', 'Y');
INSERT INTO M_LOV_DETAIL (M_LOV_CODE, CODE, VALUE_DESC, ENABLED) VALUES ('DISTRICT_CODE', '10', 'Erode', 'Y');
INSERT INTO M_LOV_DETAIL (M_LOV_CODE, CODE, VALUE_DESC, ENABLED) VALUES ('DISTRICT_CODE', '11', 'Coimbatore', 'Y');
INSERT INTO M_LOV_DETAIL (M_LOV_CODE, CODE, VALUE_DESC, ENABLED) VALUES ('DISTRICT_CODE', '12', 'The Nilgiris', 'Y');
INSERT INTO M_LOV_DETAIL (M_LOV_CODE, CODE, VALUE_DESC, ENABLED) VALUES ('DISTRICT_CODE', '13', 'Thanjavur', 'Y');
INSERT INTO M_LOV_DETAIL (M_LOV_CODE, CODE, VALUE_DESC, ENABLED) VALUES ('DISTRICT_CODE', '14', 'Nagapattinam', 'Y');
INSERT INTO M_LOV_DETAIL (M_LOV_CODE, CODE, VALUE_DESC, ENABLED) VALUES ('DISTRICT_CODE', '15', 'Tiruvarur', 'Y');
INSERT INTO M_LOV_DETAIL (M_LOV_CODE, CODE, VALUE_DESC, ENABLED) VALUES ('DISTRICT_CODE', '16', 'Tiruchirappalli', 'Y');
INSERT INTO M_LOV_DETAIL (M_LOV_CODE, CODE, VALUE_DESC, ENABLED) VALUES ('DISTRICT_CODE', '17', 'Karur', 'Y');
INSERT INTO M_LOV_DETAIL (M_LOV_CODE, CODE, VALUE_DESC, ENABLED) VALUES ('DISTRICT_CODE', '18', 'Perambalur', 'Y');
INSERT INTO M_LOV_DETAIL (M_LOV_CODE, CODE, VALUE_DESC, ENABLED) VALUES ('DISTRICT_CODE', '19', 'Pudukkottai', 'Y');
INSERT INTO M_LOV_DETAIL (M_LOV_CODE, CODE, VALUE_DESC, ENABLED) VALUES ('DISTRICT_CODE', '20', 'Madurai', 'Y');
INSERT INTO M_LOV_DETAIL (M_LOV_CODE, CODE, VALUE_DESC, ENABLED) VALUES ('DISTRICT_CODE', '21', 'Theni', 'Y');
INSERT INTO M_LOV_DETAIL (M_LOV_CODE, CODE, VALUE_DESC, ENABLED) VALUES ('DISTRICT_CODE', '22', 'Dindigul', 'Y');
INSERT INTO M_LOV_DETAIL (M_LOV_CODE, CODE, VALUE_DESC, ENABLED) VALUES ('DISTRICT_CODE', '23', 'Ramanathapuram', 'Y');
INSERT INTO M_LOV_DETAIL (M_LOV_CODE, CODE, VALUE_DESC, ENABLED) VALUES ('DISTRICT_CODE', '24', 'Virudhunagar', 'Y');
INSERT INTO M_LOV_DETAIL (M_LOV_CODE, CODE, VALUE_DESC, ENABLED) VALUES ('DISTRICT_CODE', '25', 'Sivagangai', 'Y');
INSERT INTO M_LOV_DETAIL (M_LOV_CODE, CODE, VALUE_DESC, ENABLED) VALUES ('DISTRICT_CODE', '26', 'Tirunelveli', 'Y');
INSERT INTO M_LOV_DETAIL (M_LOV_CODE, CODE, VALUE_DESC, ENABLED) VALUES ('DISTRICT_CODE', '27', 'Thoothukkudi', 'Y');
INSERT INTO M_LOV_DETAIL (M_LOV_CODE, CODE, VALUE_DESC, ENABLED) VALUES ('DISTRICT_CODE', '28', 'Kanniyakumari', 'Y');
INSERT INTO M_LOV_DETAIL (M_LOV_CODE, CODE, VALUE_DESC, ENABLED) VALUES ('DISTRICT_CODE', '30', 'Krishnagiri', 'Y');
INSERT INTO M_LOV_DETAIL (M_LOV_CODE, CODE, VALUE_DESC, ENABLED) VALUES ('DISTRICT_CODE', '31', 'Ariyalur', 'Y');
INSERT INTO M_LOV_DETAIL (M_LOV_CODE, CODE, VALUE_DESC, ENABLED) VALUES ('DISTRICT_CODE', '32', 'Tiruppur', 'Y');
INSERT INTO M_LOV_DETAIL (M_LOV_CODE, CODE, VALUE_DESC, ENABLED) VALUES ('PLANT_TYPE_CODE','01','Fossil Fuel', 'Y');
INSERT INTO M_LOV_DETAIL (M_LOV_CODE, CODE, VALUE_DESC, ENABLED) VALUES ('PLANT_TYPE_CODE','02','Non Conventional', 'Y');
INSERT INTO M_LOV_DETAIL (M_LOV_CODE, CODE, VALUE_DESC, ENABLED) VALUES ('PLANT_TYPE_CODE','03','Hydro Electricity', 'Y');
Insert into M_LOV_DETAIL (M_LOV_CODE,CODE,VALUE_DESC,ENABLED,ATTRIB1,ATTRIB2,ATTRIB3) values ('GENERATOR_MAKE_CODE','1081-3','E-53','Y','800',null,null);
Insert into M_LOV_DETAIL (M_LOV_CODE,CODE,VALUE_DESC,ENABLED,ATTRIB1,ATTRIB2,ATTRIB3) values ('GENERATOR_MAKE_CODE','1082-1','Gamesa','Y','850',null,null);
Insert into M_LOV_DETAIL (M_LOV_CODE,CODE,VALUE_DESC,ENABLED,ATTRIB1,ATTRIB2,ATTRIB3) values ('GENERATOR_MAKE_CODE','1082-2','MADE AE 59','Y','800',null,null);
Insert into M_LOV_DETAIL (M_LOV_CODE,CODE,VALUE_DESC,ENABLED,ATTRIB1,ATTRIB2,ATTRIB3) values ('GENERATOR_MAKE_CODE','1082-3','G52 ','Y','850',null,null);
Insert into M_LOV_DETAIL (M_LOV_CODE,CODE,VALUE_DESC,ENABLED,ATTRIB1,ATTRIB2,ATTRIB3) values ('GENERATOR_MAKE_CODE','1082-4','Gamesa G90','Y','2000',null,null);
Insert into M_LOV_DETAIL (M_LOV_CODE,CODE,VALUE_DESC,ENABLED,ATTRIB1,ATTRIB2,ATTRIB3) values ('GENERATOR_MAKE_CODE','1082-5','Gamesa G80','Y','2000',null,null);
Insert into M_LOV_DETAIL (M_LOV_CODE,CODE,VALUE_DESC,ENABLED,ATTRIB1,ATTRIB2,ATTRIB3) values ('GENERATOR_MAKE_CODE','1082-6','Gamesa (2000)','Y','2000',null,null);
Insert into M_LOV_DETAIL (M_LOV_CODE,CODE,VALUE_DESC,ENABLED,ATTRIB1,ATTRIB2,ATTRIB3) values ('GENERATOR_MAKE_CODE','1082-7','Gamesa (850)','Y','850',null,null);
Insert into M_LOV_DETAIL (M_LOV_CODE,CODE,VALUE_DESC,ENABLED,ATTRIB1,ATTRIB2,ATTRIB3) values ('GENERATOR_MAKE_CODE','1082-8','G58','Y','850',null,null);
Insert into M_LOV_DETAIL (M_LOV_CODE,CODE,VALUE_DESC,ENABLED,ATTRIB1,ATTRIB2,ATTRIB3) values ('GENERATOR_MAKE_CODE','1083-1','GE (1500)','Y','1500',null,null);
Insert into M_LOV_DETAIL (M_LOV_CODE,CODE,VALUE_DESC,ENABLED,ATTRIB1,ATTRIB2,ATTRIB3) values ('GENERATOR_MAKE_CODE','1083-2','GE (1600)','Y','1600',null,null);
Insert into M_LOV_DETAIL (M_LOV_CODE,CODE,VALUE_DESC,ENABLED,ATTRIB1,ATTRIB2,ATTRIB3) values ('GENERATOR_MAKE_CODE','1084-1','Norwin','Y','750',null,null);
Insert into M_LOV_DETAIL (M_LOV_CODE,CODE,VALUE_DESC,ENABLED,ATTRIB1,ATTRIB2,ATTRIB3) values ('GENERATOR_MAKE_CODE','1084-2','FL 2500-100 / W2 E-W 100 2.5 MW','Y','2500',null,null);
Insert into M_LOV_DETAIL (M_LOV_CODE,CODE,VALUE_DESC,ENABLED,ATTRIB1,ATTRIB2,ATTRIB3) values ('GENERATOR_MAKE_CODE','1084-3','Lagerwey L-82 2 MW','Y','2000',null,null);
Insert into M_LOV_DETAIL (M_LOV_CODE,CODE,VALUE_DESC,ENABLED,ATTRIB1,ATTRIB2,ATTRIB3) values ('GENERATOR_MAKE_CODE','1085','WT 2000 DF','Y','2000',null,null);
Insert into M_LOV_DETAIL (M_LOV_CODE,CODE,VALUE_DESC,ENABLED,ATTRIB1,ATTRIB2,ATTRIB3) values ('GENERATOR_MAKE_CODE','1086','K82','Y','2000',null,null);
Insert into M_LOV_DETAIL (M_LOV_CODE,CODE,VALUE_DESC,ENABLED,ATTRIB1,ATTRIB2,ATTRIB3) values ('GENERATOR_MAKE_CODE','1087-1','Pioneer P250/29','Y','250',null,null);
Insert into M_LOV_DETAIL (M_LOV_CODE,CODE,VALUE_DESC,ENABLED,ATTRIB1,ATTRIB2,ATTRIB3) values ('GENERATOR_MAKE_CODE','1087-2','P 750/49','Y','750',null,null);
Insert into M_LOV_DETAIL (M_LOV_CODE,CODE,VALUE_DESC,ENABLED,ATTRIB1,ATTRIB2,ATTRIB3) values ('GENERATOR_MAKE_CODE','1087-3','Pioneer Wincon','Y','250',null,null);
Insert into M_LOV_DETAIL (M_LOV_CODE,CODE,VALUE_DESC,ENABLED,ATTRIB1,ATTRIB2,ATTRIB3) values ('GENERATOR_MAKE_CODE','1088-1','Vensys-77','Y','1500',null,null);
Insert into M_LOV_DETAIL (M_LOV_CODE,CODE,VALUE_DESC,ENABLED,ATTRIB1,ATTRIB2,ATTRIB3) values ('GENERATOR_MAKE_CODE','1088-2','Vensys-82','Y','1500',null,null);
Insert into M_LOV_DETAIL (M_LOV_CODE,CODE,VALUE_DESC,ENABLED,ATTRIB1,ATTRIB2,ATTRIB3) values ('GENERATOR_MAKE_CODE','1101-1','RRB','Y','600',null,null);
Insert into M_LOV_DETAIL (M_LOV_CODE,CODE,VALUE_DESC,ENABLED,ATTRIB1,ATTRIB2,ATTRIB3) values ('GENERATOR_MAKE_CODE','1101-2','V39','Y','500',null,null);
Insert into M_LOV_DETAIL (M_LOV_CODE,CODE,VALUE_DESC,ENABLED,ATTRIB1,ATTRIB2,ATTRIB3) values ('GENERATOR_MAKE_CODE','1101-3','Pawan Shakthi','Y','600',null,null);
Insert into M_LOV_DETAIL (M_LOV_CODE,CODE,VALUE_DESC,ENABLED,ATTRIB1,ATTRIB2,ATTRIB3) values ('GENERATOR_MAKE_CODE','1102','SEPC 250 T','Y','250',null,null);
Insert into M_LOV_DETAIL (M_LOV_CODE,CODE,VALUE_DESC,ENABLED,ATTRIB1,ATTRIB2,ATTRIB3) values ('GENERATOR_MAKE_CODE','1103','SIVA 250/50','Y','250',null,null);
Insert into M_LOV_DETAIL (M_LOV_CODE,CODE,VALUE_DESC,ENABLED,ATTRIB1,ATTRIB2,ATTRIB3) values ('GENERATOR_MAKE_CODE','1121-1','Suzlon','Y','2100',null,null);
Insert into M_LOV_DETAIL (M_LOV_CODE,CODE,VALUE_DESC,ENABLED,ATTRIB1,ATTRIB2,ATTRIB3) values ('GENERATOR_MAKE_CODE','1121-2','Suzlon S82V3','Y','1250',null,null);
Insert into M_LOV_DETAIL (M_LOV_CODE,CODE,VALUE_DESC,ENABLED,ATTRIB1,ATTRIB2,ATTRIB3) values ('GENERATOR_MAKE_CODE','1121-3','Suzlon S82V3','Y','2100',null,null);
Insert into M_LOV_DETAIL (M_LOV_CODE,CODE,VALUE_DESC,ENABLED,ATTRIB1,ATTRIB2,ATTRIB3) values ('GENERATOR_MAKE_CODE','1122-1','Vestas','Y','850',null,null);
Insert into M_LOV_DETAIL (M_LOV_CODE,CODE,VALUE_DESC,ENABLED,ATTRIB1,ATTRIB2,ATTRIB3) values ('GENERATOR_MAKE_CODE','9029','LEITWIND LTW86','Y','1500',null,null);
Insert into M_LOV_DETAIL (M_LOV_CODE,CODE,VALUE_DESC,ENABLED,ATTRIB1,ATTRIB2,ATTRIB3) values ('GENERATOR_MAKE_CODE','9030','LEITWIND LTW101','Y','3000',null,null);
Insert into M_LOV_DETAIL (M_LOV_CODE,CODE,VALUE_DESC,ENABLED,ATTRIB1,ATTRIB2,ATTRIB3) values ('GENERATOR_MAKE_CODE','9031','PIONEER WINCON / 29','Y','250',null,null);
Insert into M_LOV_DETAIL (M_LOV_CODE,CODE,VALUE_DESC,ENABLED,ATTRIB1,ATTRIB2,ATTRIB3) values ('GENERATOR_MAKE_CODE','9032','PIONEER WINCON / 49','Y','750',null,null);
Insert into M_LOV_DETAIL (M_LOV_CODE,CODE,VALUE_DESC,ENABLED,ATTRIB1,ATTRIB2,ATTRIB3) values ('GENERATOR_MAKE_CODE','9033','POWERWIND 56','Y','900',null,null);
Insert into M_LOV_DETAIL (M_LOV_CODE,CODE,VALUE_DESC,ENABLED,ATTRIB1,ATTRIB2,ATTRIB3) values ('GENERATOR_MAKE_CODE','9034','REGEN VENSYS 77','Y','1500',null,null);
Insert into M_LOV_DETAIL (M_LOV_CODE,CODE,VALUE_DESC,ENABLED,ATTRIB1,ATTRIB2,ATTRIB3) values ('GENERATOR_MAKE_CODE','9035','REGEN VENSYS 82','Y','1500',null,null);
Insert into M_LOV_DETAIL (M_LOV_CODE,CODE,VALUE_DESC,ENABLED,ATTRIB1,ATTRIB2,ATTRIB3) values ('GENERATOR_MAKE_CODE','9036','REGEN VENSYS 87','Y','1500',null,null);
Insert into M_LOV_DETAIL (M_LOV_CODE,CODE,VALUE_DESC,ENABLED,ATTRIB1,ATTRIB2,ATTRIB3) values ('GENERATOR_MAKE_CODE','9037','REGEN VENSYS 89','Y','1500',null,null);
Insert into M_LOV_DETAIL (M_LOV_CODE,CODE,VALUE_DESC,ENABLED,ATTRIB1,ATTRIB2,ATTRIB3) values ('GENERATOR_MAKE_CODE','9038','VESTAS RRB V 39','Y','500',null,null);
Insert into M_LOV_DETAIL (M_LOV_CODE,CODE,VALUE_DESC,ENABLED,ATTRIB1,ATTRIB2,ATTRIB3) values ('GENERATOR_MAKE_CODE','9039','PAWAN SHAKTHI','Y','600',null,null);
Insert into M_LOV_DETAIL (M_LOV_CODE,CODE,VALUE_DESC,ENABLED,ATTRIB1,ATTRIB2,ATTRIB3) values ('GENERATOR_MAKE_CODE','9040','PAWANSHAKTHI PS (HH 80M/100M)','Y','1800',null,null);
Insert into M_LOV_DETAIL (M_LOV_CODE,CODE,VALUE_DESC,ENABLED,ATTRIB1,ATTRIB2,ATTRIB3) values ('GENERATOR_MAKE_CODE','9041','SEPC 41.5M LATTICE TOWER','Y','250',null,null);
Insert into M_LOV_DETAIL (M_LOV_CODE,CODE,VALUE_DESC,ENABLED,ATTRIB1,ATTRIB2,ATTRIB3) values ('GENERATOR_MAKE_CODE','9042','SEPC 51.5M LATTICE TOWER','Y','250',null,null);
Insert into M_LOV_DETAIL (M_LOV_CODE,CODE,VALUE_DESC,ENABLED,ATTRIB1,ATTRIB2,ATTRIB3) values ('GENERATOR_MAKE_CODE','9043','SIVA 50','Y','250',null,null);
Insert into M_LOV_DETAIL (M_LOV_CODE,CODE,VALUE_DESC,ENABLED,ATTRIB1,ATTRIB2,ATTRIB3) values ('GENERATOR_MAKE_CODE','9044','GWL ','Y','225',null,null);
Insert into M_LOV_DETAIL (M_LOV_CODE,CODE,VALUE_DESC,ENABLED,ATTRIB1,ATTRIB2,ATTRIB3) values ('GENERATOR_MAKE_CODE','9045','ENERCON E33','Y','330',null,null);
Insert into M_LOV_DETAIL (M_LOV_CODE,CODE,VALUE_DESC,ENABLED,ATTRIB1,ATTRIB2,ATTRIB3) values ('GENERATOR_MAKE_CODE','9046','ENERCON E30','Y','230',null,null);
Insert into M_LOV_DETAIL (M_LOV_CODE,CODE,VALUE_DESC,ENABLED,ATTRIB1,ATTRIB2,ATTRIB3) values ('GENERATOR_MAKE_CODE','9047','ENERCON E40','Y','600',null,null);
Insert into M_LOV_DETAIL (M_LOV_CODE,CODE,VALUE_DESC,ENABLED,ATTRIB1,ATTRIB2,ATTRIB3) values ('GENERATOR_MAKE_CODE','9048','ENERCON E53','Y','800',null,null);
Insert into M_LOV_DETAIL (M_LOV_CODE,CODE,VALUE_DESC,ENABLED,ATTRIB1,ATTRIB2,ATTRIB3) values ('GENERATOR_MAKE_CODE','9049','SUZLON S33','Y','350',null,null);
Insert into M_LOV_DETAIL (M_LOV_CODE,CODE,VALUE_DESC,ENABLED,ATTRIB1,ATTRIB2,ATTRIB3) values ('GENERATOR_MAKE_CODE','9050','SUZLON S52','Y','600',null,null);
Insert into M_LOV_DETAIL (M_LOV_CODE,CODE,VALUE_DESC,ENABLED,ATTRIB1,ATTRIB2,ATTRIB3) values ('GENERATOR_MAKE_CODE','9051','SUZLON S82 V3','Y','1500',null,null);
Insert into M_LOV_DETAIL (M_LOV_CODE,CODE,VALUE_DESC,ENABLED,ATTRIB1,ATTRIB2,ATTRIB3) values ('GENERATOR_MAKE_CODE','9052','SUZLON S88 V3A','Y','2100',null,null);
Insert into M_LOV_DETAIL (M_LOV_CODE,CODE,VALUE_DESC,ENABLED,ATTRIB1,ATTRIB2,ATTRIB3) values ('GENERATOR_MAKE_CODE','9053','SUZLON S95 DFIG','Y','2100',null,null);
Insert into M_LOV_DETAIL (M_LOV_CODE,CODE,VALUE_DESC,ENABLED,ATTRIB1,ATTRIB2,ATTRIB3) values ('GENERATOR_MAKE_CODE','9054','SUZLON S64/S66/S58','Y','1250',null,null);
Insert into M_LOV_DETAIL (M_LOV_CODE,CODE,VALUE_DESC,ENABLED,ATTRIB1,ATTRIB2,ATTRIB3) values ('GENERATOR_MAKE_CODE','9055','SUZLON S97 DFIG','Y','2100',null,null);
Insert into M_LOV_DETAIL (M_LOV_CODE,CODE,VALUE_DESC,ENABLED,ATTRIB1,ATTRIB2,ATTRIB3) values ('GENERATOR_MAKE_CODE','9056','NEGMICON NM82','Y','1650',null,null);
Insert into M_LOV_DETAIL (M_LOV_CODE,CODE,VALUE_DESC,ENABLED,ATTRIB1,ATTRIB2,ATTRIB3) values ('GENERATOR_MAKE_CODE','9057','S97 - HT DFIG','Y','2100',null,null);
Insert into M_LOV_DETAIL (M_LOV_CODE,CODE,VALUE_DESC,ENABLED,ATTRIB1,ATTRIB2,ATTRIB3) values ('GENERATOR_MAKE_CODE','9058','SUZLON S111 DFIG (50Hz)','Y','2100',null,null);
Insert into M_LOV_DETAIL (M_LOV_CODE,CODE,VALUE_DESC,ENABLED,ATTRIB1,ATTRIB2,ATTRIB3) values ('GENERATOR_MAKE_CODE','9059','VESTAS V82','Y','1650',null,null);
Insert into M_LOV_DETAIL (M_LOV_CODE,CODE,VALUE_DESC,ENABLED,ATTRIB1,ATTRIB2,ATTRIB3) values ('GENERATOR_MAKE_CODE','9060','VESTAS V100 50Hz VCS MK 7','Y','1800',null,null);
Insert into M_LOV_DETAIL (M_LOV_CODE,CODE,VALUE_DESC,ENABLED,ATTRIB1,ATTRIB2,ATTRIB3) values ('GENERATOR_MAKE_CODE','9061','VESTAS V100 50Hz VCS MK 7.1','Y','1800',null,null);
Insert into M_LOV_DETAIL (M_LOV_CODE,CODE,VALUE_DESC,ENABLED,ATTRIB1,ATTRIB2,ATTRIB3) values ('GENERATOR_MAKE_CODE','9062','VESTAS V100 50Hz VCS MK 7.1','Y','2000',null,null);
Insert into M_LOV_DETAIL (M_LOV_CODE,CODE,VALUE_DESC,ENABLED,ATTRIB1,ATTRIB2,ATTRIB3) values ('GENERATOR_MAKE_CODE','9063','VESTAS V100 50Hz VCS MK 7','Y','2000',null,null);
Insert into M_LOV_DETAIL (M_LOV_CODE,CODE,VALUE_DESC,ENABLED,ATTRIB1,ATTRIB2,ATTRIB3) values ('GENERATOR_MAKE_CODE','9064','VESTAS V110 50Hz VCS MK 10','Y','2000',null,null);
Insert into M_LOV_DETAIL (M_LOV_CODE,CODE,VALUE_DESC,ENABLED,ATTRIB1,ATTRIB2,ATTRIB3) values ('GENERATOR_MAKE_CODE','9067','VESTAS V110 50Hz VCS MK 10','Y','2000',null,null);
Insert into M_LOV_DETAIL (M_LOV_CODE,CODE,VALUE_DESC,ENABLED,ATTRIB1,ATTRIB2,ATTRIB3) values ('GENERATOR_MAKE_CODE','9068','WIN WIND ','Y','1000',null,null);
Insert into M_LOV_DETAIL (M_LOV_CODE,CODE,VALUE_DESC,ENABLED,ATTRIB1,ATTRIB2,ATTRIB3) values ('GENERATOR_MAKE_CODE','9069','NEPC INDIA','Y','225',null,null);
Insert into M_LOV_DETAIL (M_LOV_CODE,CODE,VALUE_DESC,ENABLED,ATTRIB1,ATTRIB2,ATTRIB3) values ('GENERATOR_MAKE_CODE','9070','NEPC INDIA','Y','250',null,null);
Insert into M_LOV_DETAIL (M_LOV_CODE,CODE,VALUE_DESC,ENABLED,ATTRIB1,ATTRIB2,ATTRIB3) values ('GENERATOR_MAKE_CODE','9071','NEPC INDIA','Y','400',null,null);
Insert into M_LOV_DETAIL (M_LOV_CODE,CODE,VALUE_DESC,ENABLED,ATTRIB1,ATTRIB2,ATTRIB3) values ('GENERATOR_MAKE_CODE','9072','NEPC MICON','Y','600',null,null);
Insert into M_LOV_DETAIL (M_LOV_CODE,CODE,VALUE_DESC,ENABLED,ATTRIB1,ATTRIB2,ATTRIB3) values ('GENERATOR_MAKE_CODE','9073','VESTAS RRB','Y','225',null,null);
Insert into M_LOV_DETAIL (M_LOV_CODE,CODE,VALUE_DESC,ENABLED,ATTRIB1,ATTRIB2,ATTRIB3) values ('GENERATOR_MAKE_CODE','9074','VESTAS RRB','Y','500',null,null);
Insert into M_LOV_DETAIL (M_LOV_CODE,CODE,VALUE_DESC,ENABLED,ATTRIB1,ATTRIB2,ATTRIB3) values ('GENERATOR_MAKE_CODE','9075','VESTAS RRB','Y','600',null,null);
Insert into M_LOV_DETAIL (M_LOV_CODE,CODE,VALUE_DESC,ENABLED,ATTRIB1,ATTRIB2,ATTRIB3) values ('GENERATOR_MAKE_CODE','9076','TTG HUSHMER','Y','250',null,null);
Insert into M_LOV_DETAIL (M_LOV_CODE,CODE,VALUE_DESC,ENABLED,ATTRIB1,ATTRIB2,ATTRIB3) values ('GENERATOR_MAKE_CODE','9077','CARTER','Y','300',null,null);
Insert into M_LOV_DETAIL (M_LOV_CODE,CODE,VALUE_DESC,ENABLED,ATTRIB1,ATTRIB2,ATTRIB3) values ('GENERATOR_MAKE_CODE','9078','WINCON','Y','250',null,null);
Insert into M_LOV_DETAIL (M_LOV_CODE,CODE,VALUE_DESC,ENABLED,ATTRIB1,ATTRIB2,ATTRIB3) values ('GENERATOR_MAKE_CODE','9079','WINCON','Y','750',null,null);
Insert into M_LOV_DETAIL (M_LOV_CODE,CODE,VALUE_DESC,ENABLED,ATTRIB1,ATTRIB2,ATTRIB3) values ('GENERATOR_MAKE_CODE','9080','SUZLON','Y','1250',null,null);
Insert into M_LOV_DETAIL (M_LOV_CODE,CODE,VALUE_DESC,ENABLED,ATTRIB1,ATTRIB2,ATTRIB3) values ('GENERATOR_MAKE_CODE','9081','KIRLOSHAR','Y','400',null,null);
Insert into M_LOV_DETAIL (M_LOV_CODE,CODE,VALUE_DESC,ENABLED,ATTRIB1,ATTRIB2,ATTRIB3) values ('GENERATOR_MAKE_CODE','9082','WINDIA','Y','550',null,null);
Insert into M_LOV_DETAIL (M_LOV_CODE,CODE,VALUE_DESC,ENABLED,ATTRIB1,ATTRIB2,ATTRIB3) values ('GENERATOR_MAKE_CODE','9083','TACKIE','Y','600',null,null);
Insert into M_LOV_DETAIL (M_LOV_CODE,CODE,VALUE_DESC,ENABLED,ATTRIB1,ATTRIB2,ATTRIB3) values ('GENERATOR_MAKE_CODE','9084','ELICON','Y','600',null,null);
Insert into M_LOV_DETAIL (M_LOV_CODE,CODE,VALUE_DESC,ENABLED,ATTRIB1,ATTRIB2,ATTRIB3) values ('GENERATOR_MAKE_CODE','9085','NEG-MICON','Y','750',null,null);
Insert into M_LOV_DETAIL (M_LOV_CODE,CODE,VALUE_DESC,ENABLED,ATTRIB1,ATTRIB2,ATTRIB3) values ('GENERATOR_MAKE_CODE','9086','NEG-MICON','Y','950',null,null);
Insert into M_LOV_DETAIL (M_LOV_CODE,CODE,VALUE_DESC,ENABLED,ATTRIB1,ATTRIB2,ATTRIB3) values ('GENERATOR_MAKE_CODE','9087','NEG-MICON','Y','1650',null,null);
Insert into M_LOV_DETAIL (M_LOV_CODE,CODE,VALUE_DESC,ENABLED,ATTRIB1,ATTRIB2,ATTRIB3) values ('GENERATOR_MAKE_CODE','9088','CHETTINAD','Y','600',null,null);
Insert into M_LOV_DETAIL (M_LOV_CODE,CODE,VALUE_DESC,ENABLED,ATTRIB1,ATTRIB2,ATTRIB3) values ('GENERATOR_MAKE_CODE','9089','SIVA','Y','250',null,null);
Insert into M_LOV_DETAIL (M_LOV_CODE,CODE,VALUE_DESC,ENABLED,ATTRIB1,ATTRIB2,ATTRIB3) values ('GENERATOR_MAKE_CODE','9090','SEPC','Y','250',null,null);
Insert into M_LOV_DETAIL (M_LOV_CODE,CODE,VALUE_DESC,ENABLED,ATTRIB1,ATTRIB2,ATTRIB3) values ('GENERATOR_MAKE_CODE','9091','WESCARE','Y','250',null,null);
Insert into M_LOV_DETAIL (M_LOV_CODE,CODE,VALUE_DESC,ENABLED,ATTRIB1,ATTRIB2,ATTRIB3) values ('GENERATOR_MAKE_CODE','9092','DAS LAGERWAY','Y','250',null,null);
Insert into M_LOV_DETAIL (M_LOV_CODE,CODE,VALUE_DESC,ENABLED,ATTRIB1,ATTRIB2,ATTRIB3) values ('GENERATOR_MAKE_CODE','9093','BHEL','Y','250',null,null);
Insert into M_LOV_DETAIL (M_LOV_CODE,CODE,VALUE_DESC,ENABLED,ATTRIB1,ATTRIB2,ATTRIB3) values ('GENERATOR_MAKE_CODE','9094','WINPOWER / HAMSA','Y','330',null,null);
Insert into M_LOV_DETAIL (M_LOV_CODE,CODE,VALUE_DESC,ENABLED,ATTRIB1,ATTRIB2,ATTRIB3) values ('GENERATOR_MAKE_CODE','9095','NORT TANK','Y','300',null,null);
Insert into M_LOV_DETAIL (M_LOV_CODE,CODE,VALUE_DESC,ENABLED,ATTRIB1,ATTRIB2,ATTRIB3) values ('GENERATOR_MAKE_CODE','9096','NORT TANK','Y','550',null,null);
Insert into M_LOV_DETAIL (M_LOV_CODE,CODE,VALUE_DESC,ENABLED,ATTRIB1,ATTRIB2,ATTRIB3) values ('STATE_CODE','DL','Delhi','Y',null,null,null);
Insert into M_LOV_DETAIL (M_LOV_CODE,CODE,VALUE_DESC,ENABLED,ATTRIB1,ATTRIB2,ATTRIB3) values ('STATE_CODE','GA','Goa','Y',null,null,null);
Insert into M_LOV_DETAIL (M_LOV_CODE,CODE,VALUE_DESC,ENABLED,ATTRIB1,ATTRIB2,ATTRIB3) values ('STATE_CODE','GJ','Gujarat','Y',null,null,null);
Insert into M_LOV_DETAIL (M_LOV_CODE,CODE,VALUE_DESC,ENABLED,ATTRIB1,ATTRIB2,ATTRIB3) values ('STATE_CODE','HP','Himachal Pradesh','Y',null,null,null);
Insert into M_LOV_DETAIL (M_LOV_CODE,CODE,VALUE_DESC,ENABLED,ATTRIB1,ATTRIB2,ATTRIB3) values ('STATE_CODE','HR','Haryana','Y',null,null,null);
Insert into M_LOV_DETAIL (M_LOV_CODE,CODE,VALUE_DESC,ENABLED,ATTRIB1,ATTRIB2,ATTRIB3) values ('STATE_CODE','JH','Jharkhand','Y',null,null,null);
Insert into M_LOV_DETAIL (M_LOV_CODE,CODE,VALUE_DESC,ENABLED,ATTRIB1,ATTRIB2,ATTRIB3) values ('STATE_CODE','JK','Jammu and Kashmir','Y',null,null,null);
Insert into M_LOV_DETAIL (M_LOV_CODE,CODE,VALUE_DESC,ENABLED,ATTRIB1,ATTRIB2,ATTRIB3) values ('STATE_CODE','KA','Karnataka','Y',null,null,null);
Insert into M_LOV_DETAIL (M_LOV_CODE,CODE,VALUE_DESC,ENABLED,ATTRIB1,ATTRIB2,ATTRIB3) values ('STATE_CODE','KL','Kerala','Y',null,null,null);
Insert into M_LOV_DETAIL (M_LOV_CODE,CODE,VALUE_DESC,ENABLED,ATTRIB1,ATTRIB2,ATTRIB3) values ('STATE_CODE','LD','Lakshadweep','Y',null,null,null);
Insert into M_LOV_DETAIL (M_LOV_CODE,CODE,VALUE_DESC,ENABLED,ATTRIB1,ATTRIB2,ATTRIB3) values ('STATE_CODE','MH','Maharashtra','Y',null,null,null);
Insert into M_LOV_DETAIL (M_LOV_CODE,CODE,VALUE_DESC,ENABLED,ATTRIB1,ATTRIB2,ATTRIB3) values ('STATE_CODE','ML','Meghalaya','Y',null,null,null);
Insert into M_LOV_DETAIL (M_LOV_CODE,CODE,VALUE_DESC,ENABLED,ATTRIB1,ATTRIB2,ATTRIB3) values ('STATE_CODE','MN','Manipur','Y',null,null,null);
Insert into M_LOV_DETAIL (M_LOV_CODE,CODE,VALUE_DESC,ENABLED,ATTRIB1,ATTRIB2,ATTRIB3) values ('STATE_CODE','MP','Madhya Pradesh','Y',null,null,null);
Insert into M_LOV_DETAIL (M_LOV_CODE,CODE,VALUE_DESC,ENABLED,ATTRIB1,ATTRIB2,ATTRIB3) values ('STATE_CODE','MZ','Mizoram','Y',null,null,null);
Insert into M_LOV_DETAIL (M_LOV_CODE,CODE,VALUE_DESC,ENABLED,ATTRIB1,ATTRIB2,ATTRIB3) values ('STATE_CODE','NL','Nagaland','Y',null,null,null);
Insert into M_LOV_DETAIL (M_LOV_CODE,CODE,VALUE_DESC,ENABLED,ATTRIB1,ATTRIB2,ATTRIB3) values ('STATE_CODE','OR','Odisha','Y',null,null,null);
Insert into M_LOV_DETAIL (M_LOV_CODE,CODE,VALUE_DESC,ENABLED,ATTRIB1,ATTRIB2,ATTRIB3) values ('STATE_CODE','PB','Punjab','Y',null,null,null);
Insert into M_LOV_DETAIL (M_LOV_CODE,CODE,VALUE_DESC,ENABLED,ATTRIB1,ATTRIB2,ATTRIB3) values ('STATE_CODE','PY','Puducherry','Y',null,null,null);
Insert into M_LOV_DETAIL (M_LOV_CODE,CODE,VALUE_DESC,ENABLED,ATTRIB1,ATTRIB2,ATTRIB3) values ('STATE_CODE','RJ','Rajasthan','Y',null,null,null);
Insert into M_LOV_DETAIL (M_LOV_CODE,CODE,VALUE_DESC,ENABLED,ATTRIB1,ATTRIB2,ATTRIB3) values ('STATE_CODE','SK','Sikkim','Y',null,null,null);
Insert into M_LOV_DETAIL (M_LOV_CODE,CODE,VALUE_DESC,ENABLED,ATTRIB1,ATTRIB2,ATTRIB3) values ('STATE_CODE','TN','Tamil Nadu','Y',null,null,null);
Insert into M_LOV_DETAIL (M_LOV_CODE,CODE,VALUE_DESC,ENABLED,ATTRIB1,ATTRIB2,ATTRIB3) values ('STATE_CODE','TR','Tripura','Y',null,null,null);
Insert into M_LOV_DETAIL (M_LOV_CODE,CODE,VALUE_DESC,ENABLED,ATTRIB1,ATTRIB2,ATTRIB3) values ('STATE_CODE','TS','Telangana','Y',null,null,null);
Insert into M_LOV_DETAIL (M_LOV_CODE,CODE,VALUE_DESC,ENABLED,ATTRIB1,ATTRIB2,ATTRIB3) values ('STATE_CODE','UK','Uttarakhand','Y',null,null,null);
Insert into M_LOV_DETAIL (M_LOV_CODE,CODE,VALUE_DESC,ENABLED,ATTRIB1,ATTRIB2,ATTRIB3) values ('STATE_CODE','UP','Uttar Pradesh','Y',null,null,null);
Insert into M_LOV_DETAIL (M_LOV_CODE,CODE,VALUE_DESC,ENABLED,ATTRIB1,ATTRIB2,ATTRIB3) values ('STATE_CODE','WB','West Bengal','Y',null,null,null);
Insert into M_LOV_DETAIL (M_LOV_CODE,CODE,VALUE_DESC,ENABLED,ATTRIB1,ATTRIB2,ATTRIB3) values ('TALUK_CODE','24','Sulur','Y','08',null,null);
Insert into M_LOV_DETAIL (M_LOV_CODE,CODE,VALUE_DESC,ENABLED,ATTRIB1,ATTRIB2,ATTRIB3) values ('TALUK_CODE','25','Palani','Y','06',null,null);
Insert into M_LOV_DETAIL (M_LOV_CODE,CODE,VALUE_DESC,ENABLED,ATTRIB1,ATTRIB2,ATTRIB3) values ('TALUK_CODE','26','Ottanchatram','Y','06',null,null);
Insert into M_LOV_DETAIL (M_LOV_CODE,CODE,VALUE_DESC,ENABLED,ATTRIB1,ATTRIB2,ATTRIB3) values ('TALUK_CODE','27','Tiruppur','Y','05',null,null);
Insert into M_LOV_DETAIL (M_LOV_CODE,CODE,VALUE_DESC,ENABLED,ATTRIB1,ATTRIB2,ATTRIB3) values ('TALUK_CODE','28','Palladam','Y','05',null,null);
Insert into M_LOV_DETAIL (M_LOV_CODE,CODE,VALUE_DESC,ENABLED,ATTRIB1,ATTRIB2,ATTRIB3) values ('TALUK_CODE','30','Agastheeswaram','Y','11',null,null);
Insert into M_LOV_DETAIL (M_LOV_CODE,CODE,VALUE_DESC,ENABLED,ATTRIB1,ATTRIB2,ATTRIB3) values ('TALUK_CODE','29-1','Kanyakumari','Y','11',null,null);
Insert into M_LOV_DETAIL (M_LOV_CODE,CODE,VALUE_DESC,ENABLED,ATTRIB1,ATTRIB2,ATTRIB3) values ('TALUK_CODE','29-2','Thuvalai','Y','11',null,null);
Insert into M_LOV_DETAIL (M_LOV_CODE,CODE,VALUE_DESC,ENABLED,ATTRIB1,ATTRIB2,ATTRIB3) values ('GENERATOR_MAKE_CODE','1141-1','Winwind','Y','1000',null,null);
Insert into M_LOV_DETAIL (M_LOV_CODE,CODE,VALUE_DESC,ENABLED,ATTRIB1,ATTRIB2,ATTRIB3) values ('GENERATOR_MAKE_CODE','1142','Garuda','Y','700',null,null);
Insert into M_LOV_DETAIL (M_LOV_CODE,CODE,VALUE_DESC,ENABLED,ATTRIB1,ATTRIB2,ATTRIB3) values ('GENERATOR_MAKE_CODE','1143','GWL','Y','255',null,null);
Insert into M_LOV_DETAIL (M_LOV_CODE,CODE,VALUE_DESC,ENABLED,ATTRIB1,ATTRIB2,ATTRIB3) values ('GENERATOR_MAKE_CODE','1161-1','Regen Vensys-77','Y','1500',null,null);
Insert into M_LOV_DETAIL (M_LOV_CODE,CODE,VALUE_DESC,ENABLED,ATTRIB1,ATTRIB2,ATTRIB3) values ('GENERATOR_MAKE_CODE','1161-2','Regen','Y','1500',null,null);
Insert into M_LOV_DETAIL (M_LOV_CODE,CODE,VALUE_DESC,ENABLED,ATTRIB1,ATTRIB2,ATTRIB3) values ('GENERATOR_MAKE_CODE','1162','Gamesa','Y','850',null,null);
Insert into M_LOV_DETAIL (M_LOV_CODE,CODE,VALUE_DESC,ENABLED,ATTRIB1,ATTRIB2,ATTRIB3) values ('GENERATOR_MAKE_CODE','1181-1','Vensys-82','Y','1500',null,null);
Insert into M_LOV_DETAIL (M_LOV_CODE,CODE,VALUE_DESC,ENABLED,ATTRIB1,ATTRIB2,ATTRIB3) values ('GENERATOR_MAKE_CODE','1181-2','Regen Vensys - 82','Y','1500',null,null);
Insert into M_LOV_DETAIL (M_LOV_CODE,CODE,VALUE_DESC,ENABLED,ATTRIB1,ATTRIB2,ATTRIB3) values ('GENERATOR_MAKE_CODE','1181-3','Regen Vensys - 82','Y','3600',null,null);
Insert into M_LOV_DETAIL (M_LOV_CODE,CODE,VALUE_DESC,ENABLED,ATTRIB1,ATTRIB2,ATTRIB3) values ('EDC_PASS_CODE_MAP','432',null,'Y','02',null,null);
Insert into M_LOV_DETAIL (M_LOV_CODE,CODE,VALUE_DESC,ENABLED,ATTRIB1,ATTRIB2,ATTRIB3) values ('EDC_PASS_CODE_MAP','434',null,'Y','03',null,null);
Insert into M_LOV_DETAIL (M_LOV_CODE,CODE,VALUE_DESC,ENABLED,ATTRIB1,ATTRIB2,ATTRIB3) values ('EDC_PASS_CODE_MAP','438',null,'Y','02',null,null);
Insert into M_LOV_DETAIL (M_LOV_CODE,CODE,VALUE_DESC,ENABLED,ATTRIB1,ATTRIB2,ATTRIB3) values ('EDC_PASS_CODE_MAP','450',null,'Y','01',null,null);
Insert into M_LOV_DETAIL (M_LOV_CODE,CODE,VALUE_DESC,ENABLED,ATTRIB1,ATTRIB2,ATTRIB3) values ('EDC_PASS_CODE_MAP','470',null,'Y','04',null,null);
Insert into M_LOV_DETAIL (M_LOV_CODE,CODE,VALUE_DESC,ENABLED,ATTRIB1,ATTRIB2,ATTRIB3) values ('EDC_PASS_CODE_MAP','472',null,'Y','03',null,null);
Insert into M_LOV_DETAIL (M_LOV_CODE,CODE,VALUE_DESC,ENABLED,ATTRIB1,ATTRIB2,ATTRIB3) values ('EDC_PASS_CODE_MAP','474',null,'Y','04',null,null);
Insert into M_LOV_DETAIL (M_LOV_CODE,CODE,VALUE_DESC,ENABLED,ATTRIB1,ATTRIB2,ATTRIB3) values ('EDC_PASS_CODE_MAP','476',null,'Y','01',null,null);
Insert into M_LOV_DETAIL (M_LOV_CODE,CODE,VALUE_DESC,ENABLED,ATTRIB1,ATTRIB2,ATTRIB3) values ('EDC_PASS_CODE_MAP','478',null,'Y','05',null,null);
Insert into M_LOV_DETAIL (M_LOV_CODE,CODE,VALUE_DESC,ENABLED,ATTRIB1,ATTRIB2,ATTRIB3) values ('FUEL_TYPE_CODE','01','Coal','Y',null,null,null);
Insert into M_LOV_DETAIL (M_LOV_CODE,CODE,VALUE_DESC,ENABLED,ATTRIB1,ATTRIB2,ATTRIB3) values ('FUEL_TYPE_CODE','02','Wind','Y',null,null,null);
Insert into M_LOV_DETAIL (M_LOV_CODE,CODE,VALUE_DESC,ENABLED,ATTRIB1,ATTRIB2,ATTRIB3) values ('FUEL_TYPE_CODE','03','Biogass','Y',null,null,null);
Insert into M_LOV_DETAIL (M_LOV_CODE,CODE,VALUE_DESC,ENABLED,ATTRIB1,ATTRIB2,ATTRIB3) values ('GENERATOR_MAKE_CODE','1021','CWEL C30','Y','250',null,null);
Insert into M_LOV_DETAIL (M_LOV_CODE,CODE,VALUE_DESC,ENABLED,ATTRIB1,ATTRIB2,ATTRIB3) values ('GENERATOR_MAKE_CODE','1041-1','Leitwind','Y','1500',null,null);
Insert into M_LOV_DETAIL (M_LOV_CODE,CODE,VALUE_DESC,ENABLED,ATTRIB1,ATTRIB2,ATTRIB3) values ('GENERATOR_MAKE_CODE','1041-2','Leitner LTW77','Y','1500',null,null);
Insert into M_LOV_DETAIL (M_LOV_CODE,CODE,VALUE_DESC,ENABLED,ATTRIB1,ATTRIB2,ATTRIB3) values ('GENERATOR_MAKE_CODE','1041-3','Leitner LTW80','Y','1500',null,null);
Insert into M_LOV_DETAIL (M_LOV_CODE,CODE,VALUE_DESC,ENABLED,ATTRIB1,ATTRIB2,ATTRIB3) values ('GENERATOR_MAKE_CODE','1041-4','Leitner LTW80','Y','1800',null,null);
Insert into M_LOV_DETAIL (M_LOV_CODE,CODE,VALUE_DESC,ENABLED,ATTRIB1,ATTRIB2,ATTRIB3) values ('GENERATOR_MAKE_CODE','1041-5','Leitner LTW77','Y','1350',null,null);
Insert into M_LOV_DETAIL (M_LOV_CODE,CODE,VALUE_DESC,ENABLED,ATTRIB1,ATTRIB2,ATTRIB3) values ('GENERATOR_MAKE_CODE','1081-1','Enercon','Y','800',null,null);
Insert into M_LOV_DETAIL (M_LOV_CODE,CODE,VALUE_DESC,ENABLED,ATTRIB1,ATTRIB2,ATTRIB3) values ('GENERATOR_MAKE_CODE','1081-2','E-48','Y','800',null,null);
Insert into M_LOV_DETAIL (M_LOV_CODE,CODE,VALUE_DESC,ENABLED,ATTRIB1,ATTRIB2,ATTRIB3) values ('GENERATOR_MAKE_CODE','1181-4','Regen Vensys - 87','Y','1500',null,null);
Insert into M_LOV_DETAIL (M_LOV_CODE,CODE,VALUE_DESC,ENABLED,ATTRIB1,ATTRIB2,ATTRIB3) values ('GENERATOR_MAKE_CODE','1222','G.E','Y','1600',null,null);
Insert into M_LOV_DETAIL (M_LOV_CODE,CODE,VALUE_DESC,ENABLED,ATTRIB1,ATTRIB2,ATTRIB3) values ('GENERATOR_MAKE_CODE','1233','Pioneer Wincon','Y','750',null,null);
Insert into M_LOV_DETAIL (M_LOV_CODE,CODE,VALUE_DESC,ENABLED,ATTRIB1,ATTRIB2,ATTRIB3) values ('GENERATOR_MAKE_CODE','1241','Gamesa','Y','2000',null,null);
Insert into M_LOV_DETAIL (M_LOV_CODE,CODE,VALUE_DESC,ENABLED,ATTRIB1,ATTRIB2,ATTRIB3) values ('GENERATOR_MAKE_CODE','1281','Vestas','Y','1800',null,null);
Insert into M_LOV_DETAIL (M_LOV_CODE,CODE,VALUE_DESC,ENABLED,ATTRIB1,ATTRIB2,ATTRIB3) values ('GENERATOR_MAKE_CODE','1321','Enercon','Y','800',null,null);
Insert into M_LOV_DETAIL (M_LOV_CODE,CODE,VALUE_DESC,ENABLED,ATTRIB1,ATTRIB2,ATTRIB3) values ('GENERATOR_MAKE_CODE','1361','Regen','Y','1500',null,null);
Insert into M_LOV_DETAIL (M_LOV_CODE,CODE,VALUE_DESC,ENABLED,ATTRIB1,ATTRIB2,ATTRIB3) values ('GENERATOR_MAKE_CODE','1381','Enercon','Y','800',null,null);
Insert into M_LOV_DETAIL (M_LOV_CODE,CODE,VALUE_DESC,ENABLED,ATTRIB1,ATTRIB2,ATTRIB3) values ('GENERATOR_MAKE_CODE','1382','Enercon','Y','800',null,null);
Insert into M_LOV_DETAIL (M_LOV_CODE,CODE,VALUE_DESC,ENABLED,ATTRIB1,ATTRIB2,ATTRIB3) values ('GENERATOR_MAKE_CODE','1421','Enercon','Y','800',null,null);
Insert into M_LOV_DETAIL (M_LOV_CODE,CODE,VALUE_DESC,ENABLED,ATTRIB1,ATTRIB2,ATTRIB3) values ('GENERATOR_MAKE_CODE','9000',' AMTL','Y','300',null,null);
Insert into M_LOV_DETAIL (M_LOV_CODE,CODE,VALUE_DESC,ENABLED,ATTRIB1,ATTRIB2,ATTRIB3) values ('GENERATOR_MAKE_CODE','9001','NOROTANK','Y','400',null,null);
Insert into M_LOV_DETAIL (M_LOV_CODE,CODE,VALUE_DESC,ENABLED,ATTRIB1,ATTRIB2,ATTRIB3) values ('GENERATOR_MAKE_CODE','9002','BONOUS ','Y','320',null,null);
Insert into M_LOV_DETAIL (M_LOV_CODE,CODE,VALUE_DESC,ENABLED,ATTRIB1,ATTRIB2,ATTRIB3) values ('GENERATOR_MAKE_CODE','9003','NASL','Y',null,null,null);
Insert into M_LOV_DETAIL (M_LOV_CODE,CODE,VALUE_DESC,ENABLED,ATTRIB1,ATTRIB2,ATTRIB3) values ('GENERATOR_MAKE_CODE','9004','GAMESA G52-50 Hz','Y','850',null,null);
Insert into M_LOV_DETAIL (M_LOV_CODE,CODE,VALUE_DESC,ENABLED,ATTRIB1,ATTRIB2,ATTRIB3) values ('GENERATOR_MAKE_CODE','9005','GAMESA G58- IECIIA','Y','850',null,null);
Insert into M_LOV_DETAIL (M_LOV_CODE,CODE,VALUE_DESC,ENABLED,ATTRIB1,ATTRIB2,ATTRIB3) values ('GENERATOR_MAKE_CODE','9006','GAMESA G58 - IEC IIIB','Y','850',null,null);
Insert into M_LOV_DETAIL (M_LOV_CODE,CODE,VALUE_DESC,ENABLED,ATTRIB1,ATTRIB2,ATTRIB3) values ('GENERATOR_MAKE_CODE','9007','GAMESA G58 - IEC IIA','Y','850',null,null);
Insert into M_LOV_DETAIL (M_LOV_CODE,CODE,VALUE_DESC,ENABLED,ATTRIB1,ATTRIB2,ATTRIB3) values ('GENERATOR_MAKE_CODE','9008','GAMESA G97 - IEC IIIA HH 78 M 50 Hz','Y','2000',null,null);
Insert into M_LOV_DETAIL (M_LOV_CODE,CODE,VALUE_DESC,ENABLED,ATTRIB1,ATTRIB2,ATTRIB3) values ('GENERATOR_MAKE_CODE','9009','GAMESA G97 GF - IEC IIIA HH 78  50 Hz','Y','2000',null,null);
Insert into M_LOV_DETAIL (M_LOV_CODE,CODE,VALUE_DESC,ENABLED,ATTRIB1,ATTRIB2,ATTRIB3) values ('GENERATOR_MAKE_CODE','9010','GAMESA G971 50Hz','Y','2000',null,null);
Insert into M_LOV_DETAIL (M_LOV_CODE,CODE,VALUE_DESC,ENABLED,ATTRIB1,ATTRIB2,ATTRIB3) values ('GENERATOR_MAKE_CODE','9011','GAMESA G97 50Hz','Y','2000',null,null);
Insert into M_LOV_DETAIL (M_LOV_CODE,CODE,VALUE_DESC,ENABLED,ATTRIB1,ATTRIB2,ATTRIB3) values ('GENERATOR_MAKE_CODE','9012','G114 - IEC IIIA HH 80, 93  M 50/60Hz','Y','2000',null,null);
Insert into M_LOV_DETAIL (M_LOV_CODE,CODE,VALUE_DESC,ENABLED,ATTRIB1,ATTRIB2,ATTRIB3) values ('GENERATOR_MAKE_CODE','9013','GAMESA G114 - IEC S','Y','2000',null,null);
Insert into M_LOV_DETAIL (M_LOV_CODE,CODE,VALUE_DESC,ENABLED,ATTRIB1,ATTRIB2,ATTRIB3) values ('GENERATOR_MAKE_CODE','9014','GARUDA 54, EU54.1250.1-B, HH 73M','Y','700',null,null);
Insert into M_LOV_DETAIL (M_LOV_CODE,CODE,VALUE_DESC,ENABLED,ATTRIB1,ATTRIB2,ATTRIB3) values ('GENERATOR_MAKE_CODE','9015','GE 82.5, 50Hz','Y','1600',null,null);
Insert into M_LOV_DETAIL (M_LOV_CODE,CODE,VALUE_DESC,ENABLED,ATTRIB1,ATTRIB2,ATTRIB3) values ('GENERATOR_MAKE_CODE','9016','GE 87, 50Hz, LM42.1P2, HH 80M','Y','1600',null,null);
Insert into M_LOV_DETAIL (M_LOV_CODE,CODE,VALUE_DESC,ENABLED,ATTRIB1,ATTRIB2,ATTRIB3) values ('GENERATOR_MAKE_CODE','9017','GE 103, GE 50.2, HH79.7M , 50Hz','Y','1700',null,null);
Insert into M_LOV_DETAIL (M_LOV_CODE,CODE,VALUE_DESC,ENABLED,ATTRIB1,ATTRIB2,ATTRIB3) values ('GENERATOR_MAKE_CODE','9018','MINGYANG HH75M TC IIA','Y','1500',null,null);
Insert into M_LOV_DETAIL (M_LOV_CODE,CODE,VALUE_DESC,ENABLED,ATTRIB1,ATTRIB2,ATTRIB3) values ('GENERATOR_MAKE_CODE','9019','MINGYANG 89 HH 80M IEC S','Y','1500',null,null);
Insert into M_LOV_DETAIL (M_LOV_CODE,CODE,VALUE_DESC,ENABLED,ATTRIB1,ATTRIB2,ATTRIB3) values ('GENERATOR_MAKE_CODE','9020','WT DF','Y','2000',null,null);
Insert into M_LOV_DETAIL (M_LOV_CODE,CODE,VALUE_DESC,ENABLED,ATTRIB1,ATTRIB2,ATTRIB3) values ('GENERATOR_MAKE_CODE','9021','DF/100 :0120-6149610','Y','2000',null,null);
Insert into M_LOV_DETAIL (M_LOV_CODE,CODE,VALUE_DESC,ENABLED,ATTRIB1,ATTRIB2,ATTRIB3) values ('GENERATOR_MAKE_CODE','9022','KENERSYS K82','Y','2000',null,null);
Insert into M_LOV_DETAIL (M_LOV_CODE,CODE,VALUE_DESC,ENABLED,ATTRIB1,ATTRIB2,ATTRIB3) values ('GENERATOR_MAKE_CODE','9023','KENERSYS K100','Y','2500',null,null);
Insert into M_LOV_DETAIL (M_LOV_CODE,CODE,VALUE_DESC,ENABLED,ATTRIB1,ATTRIB2,ATTRIB3) values ('GENERATOR_MAKE_CODE','9024','KENERSYS K110','Y','2400',null,null);
Insert into M_LOV_DETAIL (M_LOV_CODE,CODE,VALUE_DESC,ENABLED,ATTRIB1,ATTRIB2,ATTRIB3) values ('GENERATOR_MAKE_CODE','9025','KENERSYS K110 P+','Y','2625',null,null);
Insert into M_LOV_DETAIL (M_LOV_CODE,CODE,VALUE_DESC,ENABLED,ATTRIB1,ATTRIB2,ATTRIB3) values ('GENERATOR_MAKE_CODE','9026','LEITWIND LTW77','Y','1500',null,null);
Insert into M_LOV_DETAIL (M_LOV_CODE,CODE,VALUE_DESC,ENABLED,ATTRIB1,ATTRIB2,ATTRIB3) values ('GENERATOR_MAKE_CODE','9027','LEITWIND LT W80','Y','1500',null,null);
Insert into M_LOV_DETAIL (M_LOV_CODE,CODE,VALUE_DESC,ENABLED,ATTRIB1,ATTRIB2,ATTRIB3) values ('GENERATOR_MAKE_CODE','9028','LEITWIND LTW80','Y','1800',null,null);
Insert into M_LOV_DETAIL (M_LOV_CODE,CODE,VALUE_DESC,ENABLED,ATTRIB1,ATTRIB2,ATTRIB3) values ('GENERATOR_MAKE_CODE','1121-4','Suzlon S88 V3 A ','Y','2100',null,null);
Insert into M_LOV_DETAIL (M_LOV_CODE,CODE,VALUE_DESC,ENABLED,ATTRIB1,ATTRIB2,ATTRIB3) values ('GENERATOR_MAKE_CODE','1121-5','Suzlon S95','Y','2100',null,null);
Insert into M_LOV_DETAIL (M_LOV_CODE,CODE,VALUE_DESC,ENABLED,ATTRIB1,ATTRIB2,ATTRIB3) values ('GENERATOR_MAKE_CODE','1121-6','Suzlon S97','Y','2100',null,null);
Insert into M_LOV_DETAIL (M_LOV_CODE,CODE,VALUE_DESC,ENABLED,ATTRIB1,ATTRIB2,ATTRIB3) values ('GENERATOR_MAKE_CODE','1121-7','Suzlon S88 MK II','Y','2250',null,null);
Insert into M_LOV_DETAIL (M_LOV_CODE,CODE,VALUE_DESC,ENABLED,ATTRIB1,ATTRIB2,ATTRIB3) values ('GENERATOR_MAKE_CODE','1122-2','Vestas','Y','1800',null,null);
Insert into M_LOV_DETAIL (M_LOV_CODE,CODE,VALUE_DESC,ENABLED,ATTRIB1,ATTRIB2,ATTRIB3) values ('GENERATOR_MAKE_CODE','1401-1','E','Y','225',null,null);
Insert into M_LOV_DETAIL (M_LOV_CODE,CODE,VALUE_DESC,ENABLED,ATTRIB1,ATTRIB2,ATTRIB3) values ('GENERATOR_MAKE_CODE','1401-2','Enercon','Y','800',null,null);
Insert into M_LOV_DETAIL (M_LOV_CODE,CODE,VALUE_DESC,ENABLED,ATTRIB1,ATTRIB2,ATTRIB3) values ('GENERATOR_MAKE_CODE','Pawan','Pawan','Y','600',null,null);
Insert into M_LOV_DETAIL (M_LOV_CODE,CODE,VALUE_DESC,ENABLED,ATTRIB1,ATTRIB2,ATTRIB3) values ('GENERATOR_MAKE_CODE','Vensys-82','Vensys-82','Y','1500',null,null);
Insert into M_LOV_DETAIL (M_LOV_CODE,CODE,VALUE_DESC,ENABLED,ATTRIB1,ATTRIB2,ATTRIB3) values ('ORG_TYPE_CODE','04','Others','Y',null,null,null);
Insert into M_LOV_DETAIL (M_LOV_CODE,CODE,VALUE_DESC,ENABLED,ATTRIB1,ATTRIB2,ATTRIB3) values ('STATE_CODE','AN','Andaman and Nicobar Islands','Y',null,null,null);
Insert into M_LOV_DETAIL (M_LOV_CODE,CODE,VALUE_DESC,ENABLED,ATTRIB1,ATTRIB2,ATTRIB3) values ('STATE_CODE','AP','Andhra Pradesh','Y',null,null,null);
Insert into M_LOV_DETAIL (M_LOV_CODE,CODE,VALUE_DESC,ENABLED,ATTRIB1,ATTRIB2,ATTRIB3) values ('STATE_CODE','AR','Arunachal Pradesh','Y',null,null,null);
Insert into M_LOV_DETAIL (M_LOV_CODE,CODE,VALUE_DESC,ENABLED,ATTRIB1,ATTRIB2,ATTRIB3) values ('STATE_CODE','AS','Assam','Y',null,null,null);
Insert into M_LOV_DETAIL (M_LOV_CODE,CODE,VALUE_DESC,ENABLED,ATTRIB1,ATTRIB2,ATTRIB3) values ('STATE_CODE','BR','Bihar','Y',null,null,null);
Insert into M_LOV_DETAIL (M_LOV_CODE,CODE,VALUE_DESC,ENABLED,ATTRIB1,ATTRIB2,ATTRIB3) values ('STATE_CODE','CG','Chandigarh','Y',null,null,null);
Insert into M_LOV_DETAIL (M_LOV_CODE,CODE,VALUE_DESC,ENABLED,ATTRIB1,ATTRIB2,ATTRIB3) values ('STATE_CODE','CH','Chhattisgarh','Y',null,null,null);
Insert into M_LOV_DETAIL (M_LOV_CODE,CODE,VALUE_DESC,ENABLED,ATTRIB1,ATTRIB2,ATTRIB3) values ('STATE_CODE','DD','Daman and Diu','Y',null,null,null);
Insert into M_LOV_DETAIL (M_LOV_CODE,CODE,VALUE_DESC,ENABLED,ATTRIB1,ATTRIB2,ATTRIB3) values ('STATE_CODE','DH','Dadra and Nagar Haveli','Y',null,null,null);
Insert into M_LOV_DETAIL (M_LOV_CODE,CODE,VALUE_DESC,ENABLED,ATTRIB1,ATTRIB2,ATTRIB3) values ('TALUK_CODE','05','Tenkasi','Y','01',null,null);
Insert into M_LOV_DETAIL (M_LOV_CODE,CODE,VALUE_DESC,ENABLED,ATTRIB1,ATTRIB2,ATTRIB3) values ('TALUK_CODE','06','Tirunelveli','Y','01',null,null);
Insert into M_LOV_DETAIL (M_LOV_CODE,CODE,VALUE_DESC,ENABLED,ATTRIB1,ATTRIB2,ATTRIB3) values ('TALUK_CODE','07','Ettayapuram','Y','02',null,null);
Insert into M_LOV_DETAIL (M_LOV_CODE,CODE,VALUE_DESC,ENABLED,ATTRIB1,ATTRIB2,ATTRIB3) values ('TALUK_CODE','08','Kovilpatti','Y','02',null,null);
Insert into M_LOV_DETAIL (M_LOV_CODE,CODE,VALUE_DESC,ENABLED,ATTRIB1,ATTRIB2,ATTRIB3) values ('TALUK_CODE','09','Ottapidaram','Y','02',null,null);
Insert into M_LOV_DETAIL (M_LOV_CODE,CODE,VALUE_DESC,ENABLED,ATTRIB1,ATTRIB2,ATTRIB3) values ('TALUK_CODE','10','Srivaikundam ','Y','02',null,null);
Insert into M_LOV_DETAIL (M_LOV_CODE,CODE,VALUE_DESC,ENABLED,ATTRIB1,ATTRIB2,ATTRIB3) values ('TALUK_CODE','11','Vilathikulam','Y','02',null,null);
Insert into M_LOV_DETAIL (M_LOV_CODE,CODE,VALUE_DESC,ENABLED,ATTRIB1,ATTRIB2,ATTRIB3) values ('TALUK_CODE','12','Andipatti','Y','03',null,null);
Insert into M_LOV_DETAIL (M_LOV_CODE,CODE,VALUE_DESC,ENABLED,ATTRIB1,ATTRIB2,ATTRIB3) values ('TALUK_CODE','13','Bodinayakanur','Y','03',null,null);
Insert into M_LOV_DETAIL (M_LOV_CODE,CODE,VALUE_DESC,ENABLED,ATTRIB1,ATTRIB2,ATTRIB3) values ('TALUK_CODE','14','Theni','Y','03',null,null);
Insert into M_LOV_DETAIL (M_LOV_CODE,CODE,VALUE_DESC,ENABLED,ATTRIB1,ATTRIB2,ATTRIB3) values ('TALUK_CODE','15','Uthamapalayam','Y','03',null,null);
Insert into M_LOV_DETAIL (M_LOV_CODE,CODE,VALUE_DESC,ENABLED,ATTRIB1,ATTRIB2,ATTRIB3) values ('TALUK_CODE','16','Aravakurichi','Y','04',null,null);
Insert into M_LOV_DETAIL (M_LOV_CODE,CODE,VALUE_DESC,ENABLED,ATTRIB1,ATTRIB2,ATTRIB3) values ('TALUK_CODE','17','Chinna Dharapuram','Y','05',null,null);
Insert into M_LOV_DETAIL (M_LOV_CODE,CODE,VALUE_DESC,ENABLED,ATTRIB1,ATTRIB2,ATTRIB3) values ('TALUK_CODE','18','Dharapuram','Y','05',null,null);
Insert into M_LOV_DETAIL (M_LOV_CODE,CODE,VALUE_DESC,ENABLED,ATTRIB1,ATTRIB2,ATTRIB3) values ('TALUK_CODE','19','Kangayam','Y','05',null,null);
Insert into M_LOV_DETAIL (M_LOV_CODE,CODE,VALUE_DESC,ENABLED,ATTRIB1,ATTRIB2,ATTRIB3) values ('TALUK_CODE','20','Madathukulam','Y','05',null,null);
Insert into M_LOV_DETAIL (M_LOV_CODE,CODE,VALUE_DESC,ENABLED,ATTRIB1,ATTRIB2,ATTRIB3) values ('TALUK_CODE','21','Udumalpet','Y','05',null,null);
Insert into M_LOV_DETAIL (M_LOV_CODE,CODE,VALUE_DESC,ENABLED,ATTRIB1,ATTRIB2,ATTRIB3) values ('TALUK_CODE','22','Peraiyur','Y','07',null,null);
Insert into M_LOV_DETAIL (M_LOV_CODE,CODE,VALUE_DESC,ENABLED,ATTRIB1,ATTRIB2,ATTRIB3) values ('TALUK_CODE','23','Pollachi','Y','08',null,null);





REM INSERTING into OPEN_ACCESS.M_ORG
SET DEFINE OFF;
Insert into OPEN_ACCESS.M_ORG (ID,CODE,NAME,TYPE_CODE,PARENT_CODE,ADDRESS,LANDLINE,MOBILE,EMAIL) values ('406','406','CHENNAI (WEST) ','EDC','1','Superintending Engineer/West/Chennai 
33 KV Thirumangalam Complex,Anna nagar,Chennai-600 040','4426151133','9445850300','sechnw@tnebnet.org');
Insert into OPEN_ACCESS.M_ORG (ID,CODE,NAME,TYPE_CODE,PARENT_CODE,ADDRESS,LANDLINE,MOBILE,EMAIL) values ('400','400','CHENNAI (SOUTH) - I','EDC','9','Superintending Engineer/South I/Chennai 
110KV Complex,K.K.Nagar,Chennai-600 078','4424715121','9445850111','sechns@tnebnet.org');
Insert into OPEN_ACCESS.M_ORG (ID,CODE,NAME,TYPE_CODE,PARENT_CODE,ADDRESS,LANDLINE,MOBILE,EMAIL) values ('401','401','CHENNAI (SOUTH) - II','EDC','9','Superintending Engineer/South II/Chennai 
110KV Complex,K.K.Nagar,Chennai-600 078 ','4424715126','9445981258','sechns2@tnebnet.org');
Insert into OPEN_ACCESS.M_ORG (ID,CODE,NAME,TYPE_CODE,PARENT_CODE,ADDRESS,LANDLINE,MOBILE,EMAIL) values ('410','410','KANCHEEPURAM ','EDC','9','Superintending Engineer/Kanchipuram
Anna Maaligai/Olimohamdpet/Kanchipuram-631502.','4427277508','9445855444','sekcpm@tnebnet.org');
Insert into OPEN_ACCESS.M_ORG (ID,CODE,NAME,TYPE_CODE,PARENT_CODE,ADDRESS,LANDLINE,MOBILE,EMAIL) values ('411','411','CHENGALPATTU ','EDC','9','Superintending Engineer/Chenglepet 
Office of the Superintending Engineer/TANGEDCO/No.130 GST Road/Chengalpattu-603 001','4427423293','9443343293','secpt@tnebnet.org');
Insert into OPEN_ACCESS.M_ORG (ID,CODE,NAME,TYPE_CODE,PARENT_CODE,ADDRESS,LANDLINE,MOBILE,EMAIL) values ('430','430','COIMBATORE NORTH ','EDC','3','Superintending Engineer/ Coimbatore/North
TANGEDCO,CEDC/North,Tatabad,Coimbatore-641 012','4222495133','9445851051','secben@tnebnet.org');
Insert into OPEN_ACCESS.M_ORG (ID,CODE,NAME,TYPE_CODE,PARENT_CODE,ADDRESS,LANDLINE,MOBILE,EMAIL) values ('432','432','COIMBATORE (SOUTH) ','EDC','3','Superintending Engineer/ Coimbatore/South
Tatabad,Coimbatore-641 012','4222493250','9445851151','secbes@tnebnet.org');
Insert into OPEN_ACCESS.M_ORG (ID,CODE,NAME,TYPE_CODE,PARENT_CODE,ADDRESS,LANDLINE,MOBILE,EMAIL) values ('434','434','UDUMALPET ','EDC','3',' Superintending Engineer/ Udumalpet, Eripalayam,
Tiruppur Road,Udumalpet-642 126','4252224304','9445851451','seudt@tnebnet.org');
Insert into OPEN_ACCESS.M_ORG (ID,CODE,NAME,TYPE_CODE,PARENT_CODE,ADDRESS,LANDLINE,MOBILE,EMAIL) values ('1','1','Chennai North','REGION',null,null,null,null,null);
Insert into OPEN_ACCESS.M_ORG (ID,CODE,NAME,TYPE_CODE,PARENT_CODE,ADDRESS,LANDLINE,MOBILE,EMAIL) values ('2','2','Villupuram','REGION',null,null,null,null,null);
Insert into OPEN_ACCESS.M_ORG (ID,CODE,NAME,TYPE_CODE,PARENT_CODE,ADDRESS,LANDLINE,MOBILE,EMAIL) values ('3','3','Coimbatore','REGION',null,null,null,null,null);
Insert into OPEN_ACCESS.M_ORG (ID,CODE,NAME,TYPE_CODE,PARENT_CODE,ADDRESS,LANDLINE,MOBILE,EMAIL) values ('435','435','COIMBATORE METRO ','EDC','3','Superintending Engineer/ Coimbatore/Metro 
No.2940,Tatabad,Coimbatore-641012','4222481415','9445851251','secbem@tnebnet.org');
Insert into OPEN_ACCESS.M_ORG (ID,CODE,NAME,TYPE_CODE,PARENT_CODE,ADDRESS,LANDLINE,MOBILE,EMAIL) values ('438','438','TIRUPPUR ','EDC','3','Superintending Engineer/Tiruppur
TANGEDCO,Tirupur EDC, 19A & 19B, Jothinagar, PN Road, Tirupur - 641603.','4212470153','9445851351','setrpr@tnebnet.org');
Insert into OPEN_ACCESS.M_ORG (ID,CODE,NAME,TYPE_CODE,PARENT_CODE,ADDRESS,LANDLINE,MOBILE,EMAIL) values ('482','482','NILGIRIS ','EDC','3','Superintending Engineer/ Nilgiris,
New Diary Complex,Coonoor Road,
Udhagamandalam-643 001','4232444382','9445851551','senilg@tnebnet.org');
Insert into OPEN_ACCESS.M_ORG (ID,CODE,NAME,TYPE_CODE,PARENT_CODE,ADDRESS,LANDLINE,MOBILE,EMAIL) values ('422','422','METTUR ','EDC','4','Superintending Engineer/Mettur
Mettur EDC, Central Office,METTUR-636401','4298244177','9445852200','semtr@tnebnet.org');
Insert into OPEN_ACCESS.M_ORG (ID,CODE,NAME,TYPE_CODE,PARENT_CODE,ADDRESS,LANDLINE,MOBILE,EMAIL) values ('424','424','SALEM ','EDC','4','Superintending Engineer/Salem
TANGEDCO, K.N.Colony P.O, SALEM-636 014','4272241310','9445852300','seslm@tnebnet.org');
Insert into OPEN_ACCESS.M_ORG (ID,CODE,NAME,TYPE_CODE,PARENT_CODE,ADDRESS,LANDLINE,MOBILE,EMAIL) values ('426','426','ERODE ','EDC','4','Superintending Engineer/Erode
No.948,E.V.N.Road,Erode-638009','4242217245','9445851900','seed@tnebnet.org');
Insert into OPEN_ACCESS.M_ORG (ID,CODE,NAME,TYPE_CODE,PARENT_CODE,ADDRESS,LANDLINE,MOBILE,EMAIL) values ('436','436','GOBI ','EDC','4','Superintending Engineer/Gobi 
Cutchery Street/Gobichettipalayam -638 452','4285223701','9445852100','segobi@tnebnet.org');
Insert into OPEN_ACCESS.M_ORG (ID,CODE,NAME,TYPE_CODE,PARENT_CODE,ADDRESS,LANDLINE,MOBILE,EMAIL) values ('437','437','NAMAKKAL ','EDC','4','Superintending Engineer/Namakkal
Opp to Jai Suriya Departmental Store,Tiruchengode Road Namakkal-637001','4286281336','9445852400','senmkl@tnebnet.org');
Insert into OPEN_ACCESS.M_ORG (ID,CODE,NAME,TYPE_CODE,PARENT_CODE,ADDRESS,LANDLINE,MOBILE,EMAIL) values ('450','450','DINDIGUL ','EDC','5','Superintending Engineer/Dindugal 
Meenakchinaickanpatti post, Dindigul-624002','4512460948','9443384960','sedgl@tnebnet.org');
Insert into OPEN_ACCESS.M_ORG (ID,CODE,NAME,TYPE_CODE,PARENT_CODE,ADDRESS,LANDLINE,MOBILE,EMAIL) values ('452','452','MADURAI ','EDC','5','Superintending Engineer/Madurai 
Race Course Road, K.Pudur, Madurai 625007','4522537754','9443037754','semdu@tnebnet.org');
Insert into OPEN_ACCESS.M_ORG (ID,CODE,NAME,TYPE_CODE,PARENT_CODE,ADDRESS,LANDLINE,MOBILE,EMAIL) values ('460','460','SIVAGANGAI ','EDC','5','Superintending Engineer/Sivaganga
Sivaganga Collectorate Complex,Sivaganga-630562','4575241600','9443341609','sesiva@tnebnet.org');
Insert into OPEN_ACCESS.M_ORG (ID,CODE,NAME,TYPE_CODE,PARENT_CODE,ADDRESS,LANDLINE,MOBILE,EMAIL) values ('463','463','MADURAI METRO ','EDC','5','Superintending Engineer/Madurai Metro
Race Cource Road, K Pudur, Madurai-625007','4522538159','9443053767','semdua@tnebnet.org');
Insert into OPEN_ACCESS.M_ORG (ID,CODE,NAME,TYPE_CODE,PARENT_CODE,ADDRESS,LANDLINE,MOBILE,EMAIL) values ('476','476','THENI ','EDC','5','Superintending Engineer/Theni 
Theni T.N.E.B Complex, NRT Nagar Main Road,Theni-625 531','4546253677','9443353670','setheni@tnebnet.org');
Insert into OPEN_ACCESS.M_ORG (ID,CODE,NAME,TYPE_CODE,PARENT_CODE,ADDRESS,LANDLINE,MOBILE,EMAIL) values ('478','478','RAMANAD ','EDC','5','Superintending Engineer/Ramnad 
Near R.T.O. Office, Bharathi Nagar, Ramnad 623503','4567230577','9443130576','sermd@tnebnet.org');
Insert into OPEN_ACCESS.M_ORG (ID,CODE,NAME,TYPE_CODE,PARENT_CODE,ADDRESS,LANDLINE,MOBILE,EMAIL) values ('462','462','VIRUDUNAGAR ','EDC','7','Superintending Engineer/Virudhunagar ,
Virudhunagar EDC,TANGEDCO,65/1,Ramamoorthy Road,Virudhunagar-626001','04562-244111','9443143176','sevdr@tnebnet.org');
Insert into OPEN_ACCESS.M_ORG (ID,CODE,NAME,TYPE_CODE,PARENT_CODE,ADDRESS,LANDLINE,MOBILE,EMAIL) values ('470','470','TUTICORIN ','EDC','7','Superintending Engineer/Tuticorin ,
Tuticorin EDC,TANGEDCO,131,132, Ettayapuram Road,Tuticorin-628001','0461-2324150','9443141502','setuti@tnebnet.org');
Insert into OPEN_ACCESS.M_ORG (ID,CODE,NAME,TYPE_CODE,PARENT_CODE,ADDRESS,LANDLINE,MOBILE,EMAIL) values ('472','472','TIRUNELVELI ','EDC','7','Superintending Engineer/Tirunelveli,
O/o.Superintending Engineer, TANGEDCO, Anna Building, Thiyagaraja Nagar, Tirunelveli-627 001','0462-2531981','9443155198','setin@tnebnet.org');
Insert into OPEN_ACCESS.M_ORG (ID,CODE,NAME,TYPE_CODE,PARENT_CODE,ADDRESS,LANDLINE,MOBILE,EMAIL) values ('474','474','KANYA KUMARI ','EDC','7','Superintending Engineer/Kannyakumari
Parvathipuram,Kanyakumari EDC,Nagercoil','0465-230160','9443130460','sekk@tnebnet.org');
Insert into OPEN_ACCESS.M_ORG (ID,CODE,NAME,TYPE_CODE,PARENT_CODE,ADDRESS,LANDLINE,MOBILE,EMAIL) values ('440','440','PERAMBALUR ','EDC','6','Superintending Engineer/Perambalur
No.230 KV Auto Sub station campus perambalur, near four Road,perambalur - 621220','4328224015','9443379221','sepblr@tnebnet.org');
Insert into OPEN_ACCESS.M_ORG (ID,CODE,NAME,TYPE_CODE,PARENT_CODE,ADDRESS,LANDLINE,MOBILE,EMAIL) values ('442','442','TRICHY (METRO) ','EDC','6','Superintending Engineer/Trichy/Metro 
Mannarpuram Main Road/Trichy-620 020','4312422216','9443370450','setrym@tnebnet.org');
Insert into OPEN_ACCESS.M_ORG (ID,CODE,NAME,TYPE_CODE,PARENT_CODE,ADDRESS,LANDLINE,MOBILE,EMAIL) values ('443','443','KARUR ','EDC','6','Superintending Engineer/Karur EDC
TANGEDCO, TNEB COMPLEX,3,Kovai Road,Karur-639002','04324-248778','9443366791','sekrr@tnebnet.org');
Insert into OPEN_ACCESS.M_ORG (ID,CODE,NAME,TYPE_CODE,PARENT_CODE,ADDRESS,LANDLINE,MOBILE,EMAIL) values ('444','444','THANJAVUR ','EDC','6','Superintending Engineer/Thanjavur
No.1, Vallam Road,Thanjavur-613 007','4362230661','9443323066','setnj@tnebnet.org');
Insert into OPEN_ACCESS.M_ORG (ID,CODE,NAME,TYPE_CODE,PARENT_CODE,ADDRESS,LANDLINE,MOBILE,EMAIL) values ('445','445','NAGAPATTINAM ','EDC','6','Superintending Engineer/Nagapattinam EDC
TANGEDCO, Satayiappar East Street,Nagapattinam-611 001','04365-224878','9443340723','senpm@tnebnet.org');
Insert into OPEN_ACCESS.M_ORG (ID,CODE,NAME,TYPE_CODE,PARENT_CODE,ADDRESS,LANDLINE,MOBILE,EMAIL) values ('446','446','PUDUKOTTAI ','EDC','6','Superintending Engineer/Pudukottai EDC
TANGEDCO, Near old busstand,Pudukkottai -622 001','4322221853','9443121854','sepdk@tnebnet.org');
Insert into OPEN_ACCESS.M_ORG (ID,CODE,NAME,TYPE_CODE,PARENT_CODE,ADDRESS,LANDLINE,MOBILE,EMAIL) values ('447','447','THIRUVARUR','EDC','6','Superintending Engineer/Tiruvarur EDC
73,Durgalaya Road,Thiruvarur-610 002','04366-244099','9445865161','setrvr@tnebnet.org');
Insert into OPEN_ACCESS.M_ORG (ID,CODE,NAME,TYPE_CODE,PARENT_CODE,ADDRESS,LANDLINE,MOBILE,EMAIL) values ('412','412','VELLORE ','EDC','8','Superintending Engineer/Vellore 
10th East Main Road, TNEB, Gandhi Nagar, Vellore-632006','4162243121','9445855222','sevl@tnebnet.org');
Insert into OPEN_ACCESS.M_ORG (ID,CODE,NAME,TYPE_CODE,PARENT_CODE,ADDRESS,LANDLINE,MOBILE,EMAIL) values ('413','413','THIRUPPATTUR ','EDC','8','Superintending Engineer/Tirupattur
2/4B,Balammal Colony/Tirupattur-635 601','4179225923','9445855500','setpt@tnebnet.org');
Insert into OPEN_ACCESS.M_ORG (ID,CODE,NAME,TYPE_CODE,PARENT_CODE,ADDRESS,LANDLINE,MOBILE,EMAIL) values ('420','420','DHARMAPURI ','EDC','8','Superintending Engineer/Dharmapuri
Salem Main Road,opposite to Collectorate, Dharmapuri-636705','4342230735','9445855582','sedpi@tnebnet.org');
Insert into OPEN_ACCESS.M_ORG (ID,CODE,NAME,TYPE_CODE,PARENT_CODE,ADDRESS,LANDLINE,MOBILE,EMAIL) values ('421','421','KRISHNAGIRI ','EDC','8','Superintending Engineer/Krishnagiri
old concord school bilding, Avathanapatti,krishnagiri-635001.','4343292950','9445865102','sekgiri@tnebnet.org');
Insert into OPEN_ACCESS.M_ORG (ID,CODE,NAME,TYPE_CODE,PARENT_CODE,ADDRESS,LANDLINE,MOBILE,EMAIL) values ('414','414','THIRUVANNAMALAI ','EDC','2','Superintending Engineer/Thiruvannamalai
Vellore Road-vengikal Thiruvannamalai-606 604 ','4175233122','9445856333','setvm@tnebnet.org');
Insert into OPEN_ACCESS.M_ORG (ID,CODE,NAME,TYPE_CODE,PARENT_CODE,ADDRESS,LANDLINE,MOBILE,EMAIL) values ('416','416','VILLUPURAM ','EDC','2','Superintending Engineer/Villupuram
No.10,Old power house Road, Villupuram-605 602.','4146240371','9445856111','sevpm@tnebnet.org');
Insert into OPEN_ACCESS.M_ORG (ID,CODE,NAME,TYPE_CODE,PARENT_CODE,ADDRESS,LANDLINE,MOBILE,EMAIL) values ('417','417','KALLAKURICHI','EDC','2','Superintending Engineer/Kallakurichi
Shivaji Nagar, Lions Club Building,Kallakurichi-606 202',null,'9445855710','sekri@tnebnet.org');
Insert into OPEN_ACCESS.M_ORG (ID,CODE,NAME,TYPE_CODE,PARENT_CODE,ADDRESS,LANDLINE,MOBILE,EMAIL) values ('418','418','CUDDALORE ','EDC','2','Superintending Engineer/Cuddalore
TANGEDCO/CEDC/ Capper Hills,Cuddalore,Pin:607 004','4142223969','9445856222','secud@tnebnet.org');
Insert into OPEN_ACCESS.M_ORG (ID,CODE,NAME,TYPE_CODE,PARENT_CODE,ADDRESS,LANDLINE,MOBILE,EMAIL) values ('4','4','Erode','REGION',null,null,null,null,null);
Insert into OPEN_ACCESS.M_ORG (ID,CODE,NAME,TYPE_CODE,PARENT_CODE,ADDRESS,LANDLINE,MOBILE,EMAIL) values ('5','5','Madurai','REGION',null,null,null,null,null);
Insert into OPEN_ACCESS.M_ORG (ID,CODE,NAME,TYPE_CODE,PARENT_CODE,ADDRESS,LANDLINE,MOBILE,EMAIL) values ('6','6','Trichy','REGION',null,null,null,null,null);
Insert into OPEN_ACCESS.M_ORG (ID,CODE,NAME,TYPE_CODE,PARENT_CODE,ADDRESS,LANDLINE,MOBILE,EMAIL) values ('7','7','Tirunelveli','REGION',null,null,null,null,null);
Insert into OPEN_ACCESS.M_ORG (ID,CODE,NAME,TYPE_CODE,PARENT_CODE,ADDRESS,LANDLINE,MOBILE,EMAIL) values ('8','8','Vellore','REGION',null,null,null,null,null);
Insert into OPEN_ACCESS.M_ORG (ID,CODE,NAME,TYPE_CODE,PARENT_CODE,ADDRESS,LANDLINE,MOBILE,EMAIL) values ('9','9','Chennai South','REGION',null,null,null,null,null);
Insert into OPEN_ACCESS.M_ORG (ID,CODE,NAME,TYPE_CODE,PARENT_CODE,ADDRESS,LANDLINE,MOBILE,EMAIL) values ('402','402','CHENNAI (CENTRAL) ','EDC','1','Superintending Engineer/Central/Chennai
M.G.R Salai/110KV/33KV/11KV Valluvar kottam SS Campus,Nungambakkam,Chennai-600034','4428224423','9445850707','sechnc@tnebnet.org');
Insert into OPEN_ACCESS.M_ORG (ID,CODE,NAME,TYPE_CODE,PARENT_CODE,ADDRESS,LANDLINE,MOBILE,EMAIL) values ('404','404','CHENNAI (NORTH) ','EDC','1','Superintending Engineer/North/ChennaiGround Floor, 5B Block, 144, Anna salai, Chennai-600002','4428521833','9445850909','sechnn@tnebnet.org');



REM INSERTING into M_SUBSTATION
SET DEFINE OFF;
Insert into M_SUBSTATION (ID,CODE,NAME,REMARKS,M_ORG_ID) values ('1567','1567','ALANDUR 33 KV','TANGEDCO OWN SS','412');
Insert into M_SUBSTATION (ID,CODE,NAME,REMARKS,M_ORG_ID) values ('1568','1568','KEELAVEERAANAM SS','TANGEDCO OWN SS','472');

Insert into M_SUBSTATION (ID,CODE,NAME,REMARKS,M_ORG_ID) values ('1','7415','MELPADI 33 KV','TANGEDCO OWN SS','412');
Insert into M_SUBSTATION (ID,CODE,NAME,REMARKS,M_ORG_ID) values ('2','7417','(M) PUDUPADI 33 KV','TANGEDCO OWN SS','412');
Insert into M_SUBSTATION (ID,CODE,NAME,REMARKS,M_ORG_ID) values ('3','7422','(M) PUNNAI 33 KV','TANGEDCO OWN SS','412');
Insert into M_SUBSTATION (ID,CODE,NAME,REMARKS,M_ORG_ID) values ('4','7419','(M) RANIPET 33 KV','TANGEDCO OWN SS','412');
Insert into M_SUBSTATION (ID,CODE,NAME,REMARKS,M_ORG_ID) values ('5','7416','(M)KALAVAI 33 KV','TANGEDCO OWN SS','412');
Insert into M_SUBSTATION (ID,CODE,NAME,REMARKS,M_ORG_ID) values ('6','7426','(UM) BANAVARAM 33 KV','TANGEDCO OWN SS','412');
Insert into M_SUBSTATION (ID,CODE,NAME,REMARKS,M_ORG_ID) values ('7','7427','(UM) OZUGUR 33 KV','TANGEDCO OWN SS','412');
Insert into M_SUBSTATION (ID,CODE,NAME,REMARKS,M_ORG_ID) values ('8','7428','(UM) PANAPAKKAM 33 KV','TANGEDCO OWN SS','412');
Insert into M_SUBSTATION (ID,CODE,NAME,REMARKS,M_ORG_ID) values ('9','7429','(UM) PERUVALAYAM 33 KV','TANGEDCO OWN SS','412');
Insert into M_SUBSTATION (ID,CODE,NAME,REMARKS,M_ORG_ID) values ('10','7432','(UM) POOTHAKKU 33 KV','TANGEDCO OWN SS','412');
Insert into M_SUBSTATION (ID,CODE,NAME,REMARKS,M_ORG_ID) values ('11','7430','(UM) SERKADU 33 KV','TANGEDCO OWN SS','412');
Insert into M_SUBSTATION (ID,CODE,NAME,REMARKS,M_ORG_ID) values ('12','7431','(UM) WALAJA 33 KV','TANGEDCO OWN SS','412');
Insert into M_SUBSTATION (ID,CODE,NAME,REMARKS,M_ORG_ID) values ('13','7443','110KV MUGUNDHARAYAPURAM SS','TANGEDCO OWN SS','412');
Insert into M_SUBSTATION (ID,CODE,NAME,REMARKS,M_ORG_ID) values ('14','7445','33KV GANDHINAGAR UMSS','TANGEDCO OWN SS','412');
Insert into M_SUBSTATION (ID,CODE,NAME,REMARKS,M_ORG_ID) values ('15','7438','ARCOT 110 KV','TANGEDCO OWN SS','412');
Insert into M_SUBSTATION (ID,CODE,NAME,REMARKS,M_ORG_ID) values ('16','7446','Arakkonam 33/11 KV UMSS','TANGEDCO OWN SS','412');
Insert into M_SUBSTATION (ID,CODE,NAME,REMARKS,M_ORG_ID) values ('17','7447','Fort Round 33/11 KV( Indoor) SS','TANGEDCO OWN SS','412');
Insert into M_SUBSTATION (ID,CODE,NAME,REMARKS,M_ORG_ID) values ('18','7445','GANDHINAGAR 33KV UMSS','TANGEDCO OWN SS','412');
Insert into M_SUBSTATION (ID,CODE,NAME,REMARKS,M_ORG_ID) values ('19','7404','KARNAMBUT 110 KV','TANGEDCO OWN SS','412');
Insert into M_SUBSTATION (ID,CODE,NAME,REMARKS,M_ORG_ID) values ('20','7433','KATPADI 110 KV','TANGEDCO OWN SS','412');
Insert into M_SUBSTATION (ID,CODE,NAME,REMARKS,M_ORG_ID) values ('21','7445','KATPADI/33KVGANDHINAGARSS','TANGEDCO OWN SS','412');
Insert into M_SUBSTATION (ID,CODE,NAME,REMARKS,M_ORG_ID) values ('22','7406','KAVERIPAKKAM 110 KV','TANGEDCO OWN SS','412');
Insert into M_SUBSTATION (ID,CODE,NAME,REMARKS,M_ORG_ID) values ('23','7403','KILPALLIPET 110 KV','TANGEDCO OWN SS','412');
Insert into M_SUBSTATION (ID,CODE,NAME,REMARKS,M_ORG_ID) values ('24','7445','Katpadi / 33KV Gandhinagar UM SS','TANGEDCO OWN SS','412');
Insert into M_SUBSTATION (ID,CODE,NAME,REMARKS,M_ORG_ID) values ('25','7445','Katpadi/33KVGandhinagar UMSS','TANGEDCO OWN SS','412');
Insert into M_SUBSTATION (ID,CODE,NAME,REMARKS,M_ORG_ID) values ('26','7407','M.V.PURAM 110 KV','TANGEDCO OWN SS','412');
Insert into M_SUBSTATION (ID,CODE,NAME,REMARKS,M_ORG_ID) values ('27','7413','MAMBAKKAM 110 KV','TANGEDCO OWN SS','412');
Insert into M_SUBSTATION (ID,CODE,NAME,REMARKS,M_ORG_ID) values ('28','7411','MOSUR 110 KV','TANGEDCO OWN SS','412');
Insert into M_SUBSTATION (ID,CODE,NAME,REMARKS,M_ORG_ID) values ('29','7414','PALLUR 110 KV','TANGEDCO OWN SS','412');
Insert into M_SUBSTATION (ID,CODE,NAME,REMARKS,M_ORG_ID) values ('30','7412','SALAI 110 KV','TANGEDCO OWN SS','412');
Insert into M_SUBSTATION (ID,CODE,NAME,REMARKS,M_ORG_ID) values ('31','7402','SATHUMADURAI 110 KV','TANGEDCO OWN SS','412');
Insert into M_SUBSTATION (ID,CODE,NAME,REMARKS,M_ORG_ID) values ('32','7408','SHOLINGHUR 110 KV','TANGEDCO OWN SS','412');
Insert into M_SUBSTATION (ID,CODE,NAME,REMARKS,M_ORG_ID) values ('33','7440','SIPCOT 110 KV','TANGEDCO OWN SS','412');
Insert into M_SUBSTATION (ID,CODE,NAME,REMARKS,M_ORG_ID) values ('34','7442','THORAPADI','TANGEDCO OWN SS','412');
Insert into M_SUBSTATION (ID,CODE,NAME,REMARKS,M_ORG_ID) values ('35','7442','THORAPADI 110 kv','TANGEDCO OWN SS','412');
Insert into M_SUBSTATION (ID,CODE,NAME,REMARKS,M_ORG_ID) values ('36','7410','TIMIRI 110 KV','TANGEDCO OWN SS','412');
Insert into M_SUBSTATION (ID,CODE,NAME,REMARKS,M_ORG_ID) values ('37','7405','VADUGANTHANGAL 110 KV','TANGEDCO OWN SS','412');
Insert into M_SUBSTATION (ID,CODE,NAME,REMARKS,M_ORG_ID) values ('38','7401','VELLORE 110 KV','TANGEDCO OWN SS','412');
Insert into M_SUBSTATION (ID,CODE,NAME,REMARKS,M_ORG_ID) values ('39','7301','110 KV Railway feeder I','TANGEDCO OWN SS','413');
Insert into M_SUBSTATION (ID,CODE,NAME,REMARKS,M_ORG_ID) values ('40','7301','110 KV Railway feeder II','TANGEDCO OWN SS','413');
Insert into M_SUBSTATION (ID,CODE,NAME,REMARKS,M_ORG_ID) values ('41','7309','110 KV Vadakathiaptty ','TANGEDCO OWN SS','413');
Insert into M_SUBSTATION (ID,CODE,NAME,REMARKS,M_ORG_ID) values ('42','7301','110/33-11 KV Tirupattur SS','TANGEDCO OWN SS','413');
Insert into M_SUBSTATION (ID,CODE,NAME,REMARKS,M_ORG_ID) values ('43','7304','ALANGAYAM 110 KV','TANGEDCO OWN SS','413');
Insert into M_SUBSTATION (ID,CODE,NAME,REMARKS,M_ORG_ID) values ('44','7310','AMBUR 110 KV','TANGEDCO OWN SS','413');
Insert into M_SUBSTATION (ID,CODE,NAME,REMARKS,M_ORG_ID) values ('45','7311','ANAICUT 110 KV','TANGEDCO OWN SS','413');
Insert into M_SUBSTATION (ID,CODE,NAME,REMARKS,M_ORG_ID) values ('46','7313','CHINNAVARIGAM 110 KV','TANGEDCO OWN SS','413');
Insert into M_SUBSTATION (ID,CODE,NAME,REMARKS,M_ORG_ID) values ('47','7303','KANDHILI 33 KV','TANGEDCO OWN SS','413');
Insert into M_SUBSTATION (ID,CODE,NAME,REMARKS,M_ORG_ID) values ('48','7319','KAVALUR 33 KV','TANGEDCO OWN SS','413');
Insert into M_SUBSTATION (ID,CODE,NAME,REMARKS,M_ORG_ID) values ('49','7305','KETHANDAPATTY 33 KV','TANGEDCO OWN SS','413');
Insert into M_SUBSTATION (ID,CODE,NAME,REMARKS,M_ORG_ID) values ('50','7302','KORATTY 33 KV','TANGEDCO OWN SS','413');
Insert into M_SUBSTATION (ID,CODE,NAME,REMARKS,M_ORG_ID) values ('51','7318','KURUSILAPET 33 KV','TANGEDCO OWN SS','413');
Insert into M_SUBSTATION (ID,CODE,NAME,REMARKS,M_ORG_ID) values ('52','200','MATRAPALLI 33/11 KV (UM) SS','TANGEDCO OWN SS','413');
Insert into M_SUBSTATION (ID,CODE,NAME,REMARKS,M_ORG_ID) values ('53','7323','MATRAPALLI 33/11 KV SS','TANGEDCO OWN SS','413');
Insert into M_SUBSTATION (ID,CODE,NAME,REMARKS,M_ORG_ID) values ('54','7325','MITTUR 33/11 KV SS','TANGEDCO OWN SS','413');
Insert into M_SUBSTATION (ID,CODE,NAME,REMARKS,M_ORG_ID) values ('55','7306','NATRAMPALLY 33 KV','TANGEDCO OWN SS','413');
Insert into M_SUBSTATION (ID,CODE,NAME,REMARKS,M_ORG_ID) values ('56','8340','PARANGANI 33 KV','TANGEDCO OWN SS','416');
Insert into M_SUBSTATION (ID,CODE,NAME,REMARKS,M_ORG_ID) values ('57','8342','PERIYATHATCHUR 33 KV','TANGEDCO OWN SS','416');
Insert into M_SUBSTATION (ID,CODE,NAME,REMARKS,M_ORG_ID) values ('58','8331','SARAM 33 KV','TANGEDCO OWN SS','416');
Insert into M_SUBSTATION (ID,CODE,NAME,REMARKS,M_ORG_ID) values ('59','8330','SATHYAMANGALAM 33 KV','TANGEDCO OWN SS','416');
Insert into M_SUBSTATION (ID,CODE,NAME,REMARKS,M_ORG_ID) values ('60','100','SENDAMANGALAM 33 KV (UM)','TANGEDCO OWN SS','416');
Insert into M_SUBSTATION (ID,CODE,NAME,REMARKS,M_ORG_ID) values ('61','8337','SITAMPOONDI 33 KV','TANGEDCO OWN SS','416');
Insert into M_SUBSTATION (ID,CODE,NAME,REMARKS,M_ORG_ID) values ('62','0','SORNAVOOR110KV','TANGEDCO OWN SS','416');
Insert into M_SUBSTATION (ID,CODE,NAME,REMARKS,M_ORG_ID) values ('63','8338','THANDAVASAMUTHIRAM 33 KV','TANGEDCO OWN SS','416');
Insert into M_SUBSTATION (ID,CODE,NAME,REMARKS,M_ORG_ID) values ('64','0','THAYANUR110KV','TANGEDCO OWN SS','416');
Insert into M_SUBSTATION (ID,CODE,NAME,REMARKS,M_ORG_ID) values ('65','8344','THENPASSAR 33 KV','TANGEDCO OWN SS','416');
Insert into M_SUBSTATION (ID,CODE,NAME,REMARKS,M_ORG_ID) values ('66','8305','THIRUCHITRAMBALAM 110 KV','TANGEDCO OWN SS','416');
Insert into M_SUBSTATION (ID,CODE,NAME,REMARKS,M_ORG_ID) values ('67','0','THIRUPACHANUR110KV','TANGEDCO OWN SS','416');
Insert into M_SUBSTATION (ID,CODE,NAME,REMARKS,M_ORG_ID) values ('68','8307','TINDIVANAM 110 KV','TANGEDCO OWN SS','416');
Insert into M_SUBSTATION (ID,CODE,NAME,REMARKS,M_ORG_ID) values ('69','400','UNNAMANDHAL 33 KV (UM)','TANGEDCO OWN SS','416');
Insert into M_SUBSTATION (ID,CODE,NAME,REMARKS,M_ORG_ID) values ('70','8335','UPPUVELLORE 33 KV','TANGEDCO OWN SS','416');
Insert into M_SUBSTATION (ID,CODE,NAME,REMARKS,M_ORG_ID) values ('71','8333','URAL 33 KV','TANGEDCO OWN SS','416');
Insert into M_SUBSTATION (ID,CODE,NAME,REMARKS,M_ORG_ID) values ('72','700','V.PARANGANI 33 KV (UM)','TANGEDCO OWN SS','416');
Insert into M_SUBSTATION (ID,CODE,NAME,REMARKS,M_ORG_ID) values ('73','8332','VADASIRAVALUR 33 KV','TANGEDCO OWN SS','416');
Insert into M_SUBSTATION (ID,CODE,NAME,REMARKS,M_ORG_ID) values ('74','8324','VALAVANUR 110 KV','TANGEDCO OWN SS','416');
Insert into M_SUBSTATION (ID,CODE,NAME,REMARKS,M_ORG_ID) values ('75','413','VANUR 110 KV SS','TANGEDCO OWN SS','416');
Insert into M_SUBSTATION (ID,CODE,NAME,REMARKS,M_ORG_ID) values ('76','8346','VEEDUR 33 KV','TANGEDCO OWN SS','416');
Insert into M_SUBSTATION (ID,CODE,NAME,REMARKS,M_ORG_ID) values ('77','8326','VIKRAVANDI 110 KV','TANGEDCO OWN SS','416');
Insert into M_SUBSTATION (ID,CODE,NAME,REMARKS,M_ORG_ID) values ('78','8306','VILLIANUR 110 KV','TANGEDCO OWN SS','416');
Insert into M_SUBSTATION (ID,CODE,NAME,REMARKS,M_ORG_ID) values ('79','0','VILLUPURAM 110KV SS','TANGEDCO OWN SS','416');
Insert into M_SUBSTATION (ID,CODE,NAME,REMARKS,M_ORG_ID) values ('80','8114','B.MUTLUR 110 KV','TANGEDCO OWN SS','418');
Insert into M_SUBSTATION (ID,CODE,NAME,REMARKS,M_ORG_ID) values ('81','1300','B.UDAIYUR 33/11KV SS (UM)','TANGEDCO OWN SS','418');
Insert into M_SUBSTATION (ID,CODE,NAME,REMARKS,M_ORG_ID) values ('82','8126','BHUVANAGIRI 33 KV','TANGEDCO OWN SS','418');
Insert into M_SUBSTATION (ID,CODE,NAME,REMARKS,M_ORG_ID) values ('83','8131','C.KEERANUR 33 KV','TANGEDCO OWN SS','418');
Insert into M_SUBSTATION (ID,CODE,NAME,REMARKS,M_ORG_ID) values ('84','8113','CAPPER HILLS 110 KV','TANGEDCO OWN SS','418');
Insert into M_SUBSTATION (ID,CODE,NAME,REMARKS,M_ORG_ID) values ('85','8103','CHIDAMBARAM 110 KV','TANGEDCO OWN SS','418');
Insert into M_SUBSTATION (ID,CODE,NAME,REMARKS,M_ORG_ID) values ('86','8111','CHITARASUR 110 KV','TANGEDCO OWN SS','418');
Insert into M_SUBSTATION (ID,CODE,NAME,REMARKS,M_ORG_ID) values ('87','8153','Cuddalore/SEMMANDALAM 110KV SS','TANGEDCO OWN SS','418');
Insert into M_SUBSTATION (ID,CODE,NAME,REMARKS,M_ORG_ID) values ('88','8123','GANGAIKONDAN 33 KV','TANGEDCO OWN SS','418');
Insert into M_SUBSTATION (ID,CODE,NAME,REMARKS,M_ORG_ID) values ('89','1200','KANDAYANKUPPAM 33/ 11 KV SS (UM)','TANGEDCO OWN SS','418');
Insert into M_SUBSTATION (ID,CODE,NAME,REMARKS,M_ORG_ID) values ('90','8115','KATTUMANNARKOIL 110 KV','TANGEDCO OWN SS','418');
Insert into M_SUBSTATION (ID,CODE,NAME,REMARKS,M_ORG_ID) values ('91','8125','KEERAPALAYAM 33 KV','TANGEDCO OWN SS','418');
Insert into M_SUBSTATION (ID,CODE,NAME,REMARKS,M_ORG_ID) values ('92','900','KEEZHKUPPAM 110/22 KV','TANGEDCO OWN SS','418');
Insert into M_SUBSTATION (ID,CODE,NAME,REMARKS,M_ORG_ID) values ('93','1100','KO MANGALAM 33/11 KV SS(U.M)','TANGEDCO OWN SS','418');
Insert into M_SUBSTATION (ID,CODE,NAME,REMARKS,M_ORG_ID) values ('94','8109','KO-POOVANUR 110 KV','TANGEDCO OWN SS','418');
Insert into M_SUBSTATION (ID,CODE,NAME,REMARKS,M_ORG_ID) values ('95','200','KORANAPPATTU 110/11 KV','TANGEDCO OWN SS','418');
Insert into M_SUBSTATION (ID,CODE,NAME,REMARKS,M_ORG_ID) values ('96','8110','KULLANCHAVADY 110 KV','TANGEDCO OWN SS','418');
Insert into M_SUBSTATION (ID,CODE,NAME,REMARKS,M_ORG_ID) values ('97','8127','KUMARATCHI 33 KV','TANGEDCO OWN SS','418');
Insert into M_SUBSTATION (ID,CODE,NAME,REMARKS,M_ORG_ID) values ('98','8118','KURINJIPADI 110/11 KV','TANGEDCO OWN SS','418');
Insert into M_SUBSTATION (ID,CODE,NAME,REMARKS,M_ORG_ID) values ('99','500','M.PARUR','TANGEDCO OWN SS','418');
Insert into M_SUBSTATION (ID,CODE,NAME,REMARKS,M_ORG_ID) values ('100','8133','MANGALORE 33 KV','TANGEDCO OWN SS','418');
Insert into M_SUBSTATION (ID,CODE,NAME,REMARKS,M_ORG_ID) values ('101','8134','ME.MATHUR 33 KV','TANGEDCO OWN SS','418');
Insert into M_SUBSTATION (ID,CODE,NAME,REMARKS,M_ORG_ID) values ('102','1000','MUTTAM 33 /11 KV ','TANGEDCO OWN SS','418');
Insert into M_SUBSTATION (ID,CODE,NAME,REMARKS,M_ORG_ID) values ('103','8136','NALLATHUR 110 KV','TANGEDCO OWN SS','418');
Insert into M_SUBSTATION (ID,CODE,NAME,REMARKS,M_ORG_ID) values ('104','8102','NATHAPATTU 110 KV','TANGEDCO OWN SS','418');
Insert into M_SUBSTATION (ID,CODE,NAME,REMARKS,M_ORG_ID) values ('105','100','ORAIYUR 110/22 KV','TANGEDCO OWN SS','418');
Insert into M_SUBSTATION (ID,CODE,NAME,REMARKS,M_ORG_ID) values ('106','500','ORAIYUR 110/22 KV','TANGEDCO OWN SS','418');
Insert into M_SUBSTATION (ID,CODE,NAME,REMARKS,M_ORG_ID) values ('107','8119','PALAYANKOTTAI 33 KV','TANGEDCO OWN SS','418');
Insert into M_SUBSTATION (ID,CODE,NAME,REMARKS,M_ORG_ID) values ('108','8135','PANRUTI URBAN 110 KV','TANGEDCO OWN SS','418');
Insert into M_SUBSTATION (ID,CODE,NAME,REMARKS,M_ORG_ID) values ('109','8101','PANRUTY 110 KV','TANGEDCO OWN SS','418');
Insert into M_SUBSTATION (ID,CODE,NAME,REMARKS,M_ORG_ID) values ('110','8120','PENNADAM 110 KV','TANGEDCO OWN SS','418');
Insert into M_SUBSTATION (ID,CODE,NAME,REMARKS,M_ORG_ID) values ('111','8130','RAJENDIRAPATTINAM 33 KV','TANGEDCO OWN SS','418');
Insert into M_SUBSTATION (ID,CODE,NAME,REMARKS,M_ORG_ID) values ('112','8117','SATHIYAVADI 33 KV','TANGEDCO OWN SS','418');
Insert into M_SUBSTATION (ID,CODE,NAME,REMARKS,M_ORG_ID) values ('113','8104','SEMMANKUPPAM 110 KV','TANGEDCO OWN SS','418');
Insert into M_SUBSTATION (ID,CODE,NAME,REMARKS,M_ORG_ID) values ('114','8105','SETHIYATHOPE 110 KV','TANGEDCO OWN SS','418');
Insert into M_SUBSTATION (ID,CODE,NAME,REMARKS,M_ORG_ID) values ('115','8132','SIRUVARAPPUR 33 KV','TANGEDCO OWN SS','418');
Insert into M_SUBSTATION (ID,CODE,NAME,REMARKS,M_ORG_ID) values ('116','8124','SIVAPURI 33 KV','TANGEDCO OWN SS','418');
Insert into M_SUBSTATION (ID,CODE,NAME,REMARKS,M_ORG_ID) values ('117','8108','SRIMUSHNAM 110 KV','TANGEDCO OWN SS','418');
Insert into M_SUBSTATION (ID,CODE,NAME,REMARKS,M_ORG_ID) values ('118','1400','T NEDUNCHERRY','TANGEDCO OWN SS','418');
Insert into M_SUBSTATION (ID,CODE,NAME,REMARKS,M_ORG_ID) values ('119','8129','T.V.PUTHUR 33 KV','TANGEDCO OWN SS','418');
Insert into M_SUBSTATION (ID,CODE,NAME,REMARKS,M_ORG_ID) values ('120','8116','THITTAGUDI 33 KV','TANGEDCO OWN SS','418');
Insert into M_SUBSTATION (ID,CODE,NAME,REMARKS,M_ORG_ID) values ('121','8122','THOPPUKOLLAI 110 KV','TANGEDCO OWN SS','418');
Insert into M_SUBSTATION (ID,CODE,NAME,REMARKS,M_ORG_ID) values ('122','400','U- MANGALAM 110/11 KV','TANGEDCO OWN SS','418');
Insert into M_SUBSTATION (ID,CODE,NAME,REMARKS,M_ORG_ID) values ('123','8112','VADAKUTHU 110 KV','TANGEDCO OWN SS','418');
Insert into M_SUBSTATION (ID,CODE,NAME,REMARKS,M_ORG_ID) values ('124','300','VALAYAMADEVI 110/11 KV ','TANGEDCO OWN SS','418');
Insert into M_SUBSTATION (ID,CODE,NAME,REMARKS,M_ORG_ID) values ('125','8218','VANAMADEVI 33 KV','TANGEDCO OWN SS','418');
Insert into M_SUBSTATION (ID,CODE,NAME,REMARKS,M_ORG_ID) values ('126','8107','VEPPUR 110 KV','TANGEDCO OWN SS','418');
Insert into M_SUBSTATION (ID,CODE,NAME,REMARKS,M_ORG_ID) values ('127','8106','VIRUDHACHALAM 110 KV','TANGEDCO OWN SS','418');
Insert into M_SUBSTATION (ID,CODE,NAME,REMARKS,M_ORG_ID) values ('128','8145','Virdhachalam/THOLUDUR 110KV/11KV','TANGEDCO OWN SS','418');
Insert into M_SUBSTATION (ID,CODE,NAME,REMARKS,M_ORG_ID) values ('129','7137','ADHAGAPADI 33 KV (UM)','TANGEDCO OWN SS','420');
Insert into M_SUBSTATION (ID,CODE,NAME,REMARKS,M_ORG_ID) values ('130','7109','ADHIYAMANKOTTAI 110 KV','TANGEDCO OWN SS','420');
Insert into M_SUBSTATION (ID,CODE,NAME,REMARKS,M_ORG_ID) values ('131','7145','BAIRANAICKANPATTY 33 KV','TANGEDCO OWN SS','420');
Insert into M_SUBSTATION (ID,CODE,NAME,REMARKS,M_ORG_ID) values ('132','7118','BOMMIDI 33 KV','TANGEDCO OWN SS','420');
Insert into M_SUBSTATION (ID,CODE,NAME,REMARKS,M_ORG_ID) values ('133','7147','BYSUHALLY 33 KV (LT)','TANGEDCO OWN SS','420');
Insert into M_SUBSTATION (ID,CODE,NAME,REMARKS,M_ORG_ID) values ('134','7110','DHARMAPURI 110/33/11 KV','TANGEDCO OWN SS','420');
Insert into M_SUBSTATION (ID,CODE,NAME,REMARKS,M_ORG_ID) values ('135','7114','DODDAMPATTY 33 KV','TANGEDCO OWN SS','420');
Insert into M_SUBSTATION (ID,CODE,NAME,REMARKS,M_ORG_ID) values ('136','7146','EACHAMPADI 33 KV (LT)','TANGEDCO OWN SS','420');
Insert into M_SUBSTATION (ID,CODE,NAME,REMARKS,M_ORG_ID) values ('137','7138','ERIYUR 33 KV (UM)','TANGEDCO OWN SS','420');
Insert into M_SUBSTATION (ID,CODE,NAME,REMARKS,M_ORG_ID) values ('138','7131','GOPINATHAMPATTI 33 KV','TANGEDCO OWN SS','420');
Insert into M_SUBSTATION (ID,CODE,NAME,REMARKS,M_ORG_ID) values ('139','7112','HARUR 110 KV','TANGEDCO OWN SS','420');
Insert into M_SUBSTATION (ID,CODE,NAME,REMARKS,M_ORG_ID) values ('140','7132','HOGENAKKAL 33 KV (UM)','TANGEDCO OWN SS','420');
Insert into M_SUBSTATION (ID,CODE,NAME,REMARKS,M_ORG_ID) values ('141','7120','IRUMATHUR 33 KV','TANGEDCO OWN SS','420');
Insert into M_SUBSTATION (ID,CODE,NAME,REMARKS,M_ORG_ID) values ('142','7163','JAKKASAMUTHARAM 33/11KV','TANGEDCO OWN SS','420');
Insert into M_SUBSTATION (ID,CODE,NAME,REMARKS,M_ORG_ID) values ('143','7119','KADATHUR 33 KV','TANGEDCO OWN SS','420');
Insert into M_SUBSTATION (ID,CODE,NAME,REMARKS,M_ORG_ID) values ('144','7154','KALIPETTAI 33 KV','TANGEDCO OWN SS','420');
Insert into M_SUBSTATION (ID,CODE,NAME,REMARKS,M_ORG_ID) values ('145','200','KANAVANAHALLI 33/11 KV (UM)','TANGEDCO OWN SS','420');
Insert into M_SUBSTATION (ID,CODE,NAME,REMARKS,M_ORG_ID) values ('146','7106','KARIMANGALAM 110/33-11 KV','TANGEDCO OWN SS','420');
Insert into M_SUBSTATION (ID,CODE,NAME,REMARKS,M_ORG_ID) values ('147','7158','KRISHNAPURAM 33 KV','TANGEDCO OWN SS','420');
Insert into M_SUBSTATION (ID,CODE,NAME,REMARKS,M_ORG_ID) values ('148','7144','MAMPATTY 33 KV','TANGEDCO OWN SS','420');
Insert into M_SUBSTATION (ID,CODE,NAME,REMARKS,M_ORG_ID) values ('149','7128','MARANDAHALLI 33 KV','TANGEDCO OWN SS','420');
Insert into M_SUBSTATION (ID,CODE,NAME,REMARKS,M_ORG_ID) values ('150','7122','MATHUR 33 KV','TANGEDCO OWN SS','420');
Insert into M_SUBSTATION (ID,CODE,NAME,REMARKS,M_ORG_ID) values ('151','7125','PAPARAPATTY 33 KV','TANGEDCO OWN SS','420');
Insert into M_SUBSTATION (ID,CODE,NAME,REMARKS,M_ORG_ID) values ('152','7117','PAPPIREDDIPATTY 33 KV','TANGEDCO OWN SS','420');
Insert into M_SUBSTATION (ID,CODE,NAME,REMARKS,M_ORG_ID) values ('153','7108','PENNAGARAM 110/33/11 KV','TANGEDCO OWN SS','420');
Insert into M_SUBSTATION (ID,CODE,NAME,REMARKS,M_ORG_ID) values ('154','7149','PERIYAMPATTY 33 KV (LT)','TANGEDCO OWN SS','420');
Insert into M_SUBSTATION (ID,CODE,NAME,REMARKS,M_ORG_ID) values ('155','7134','PERUMBALAI 33 KV (UM)','TANGEDCO OWN SS','420');
Insert into M_SUBSTATION (ID,CODE,NAME,REMARKS,M_ORG_ID) values ('156','7135','PUDUPATTI 33 KV (UM)','TANGEDCO OWN SS','420');
Insert into M_SUBSTATION (ID,CODE,NAME,REMARKS,M_ORG_ID) values ('157','7153','PULIKARAI 33 KV','TANGEDCO OWN SS','420');
Insert into M_SUBSTATION (ID,CODE,NAME,REMARKS,M_ORG_ID) values ('158','7111','RAMIYANANHALLI 110/33 KV','TANGEDCO OWN SS','420');
Insert into M_SUBSTATION (ID,CODE,NAME,REMARKS,M_ORG_ID) values ('159','7133','RAYAKOTTAI 33 KV (UM)','TANGEDCO OWN SS','420');
Insert into M_SUBSTATION (ID,CODE,NAME,REMARKS,M_ORG_ID) values ('160','7116','THEERTHAMALAI 33 KV','TANGEDCO OWN SS','420');
Insert into M_SUBSTATION (ID,CODE,NAME,REMARKS,M_ORG_ID) values ('161','7107','VELLICHANDAI 110/33-11 KV','TANGEDCO OWN SS','420');
Insert into M_SUBSTATION (ID,CODE,NAME,REMARKS,M_ORG_ID) values ('162','7165','kattagaram 33/11KV','TANGEDCO OWN SS','420');
Insert into M_SUBSTATION (ID,CODE,NAME,REMARKS,M_ORG_ID) values ('163','4202','EDAPADY 110 KV','TANGEDCO OWN SS','422');
Insert into M_SUBSTATION (ID,CODE,NAME,REMARKS,M_ORG_ID) values ('164','4205','JALAKANDAPURAM 110 KV','TANGEDCO OWN SS','422');
Insert into M_SUBSTATION (ID,CODE,NAME,REMARKS,M_ORG_ID) values ('165','4218','KOLATHUR 33 KV','TANGEDCO OWN SS','422');
Insert into M_SUBSTATION (ID,CODE,NAME,REMARKS,M_ORG_ID) values ('166','4207','KOMARAPALAYAM 110 KV','TANGEDCO OWN SS','422');
Insert into M_SUBSTATION (ID,CODE,NAME,REMARKS,M_ORG_ID) values ('167','4223','MECHERI 110 KV','TANGEDCO OWN SS','422');
Insert into M_SUBSTATION (ID,CODE,NAME,REMARKS,M_ORG_ID) values ('168','4201','METTUR 110 KV','TANGEDCO OWN SS','422');
Insert into M_SUBSTATION (ID,CODE,NAME,REMARKS,M_ORG_ID) values ('169','4225','METTUR TOWN','TANGEDCO OWN SS','422');
Insert into M_SUBSTATION (ID,CODE,NAME,REMARKS,M_ORG_ID) values ('170','4204','NANGAVALLI 110 KV','TANGEDCO OWN SS','422');
Insert into M_SUBSTATION (ID,CODE,NAME,REMARKS,M_ORG_ID) values ('171','4208','PALLIPALAYAM 110 KV','TANGEDCO OWN SS','422');
Insert into M_SUBSTATION (ID,CODE,NAME,REMARKS,M_ORG_ID) values ('172','4224','POOLAMPATTY 110 KV','TANGEDCO OWN SS','422');
Insert into M_SUBSTATION (ID,CODE,NAME,REMARKS,M_ORG_ID) values ('173','4228','SAMAYASANGILI','TANGEDCO OWN SS','422');
Insert into M_SUBSTATION (ID,CODE,NAME,REMARKS,M_ORG_ID) values ('174','4206','SANKARI 110 KV','TANGEDCO OWN SS','422');
Insert into M_SUBSTATION (ID,CODE,NAME,REMARKS,M_ORG_ID) values ('175','4232','Sankari/Iyvelli','TANGEDCO OWN SS','422');
Insert into M_SUBSTATION (ID,CODE,NAME,REMARKS,M_ORG_ID) values ('176','4227','THARAMANGALAM','TANGEDCO OWN SS','422');
Insert into M_SUBSTATION (ID,CODE,NAME,REMARKS,M_ORG_ID) values ('177','4233','THEVOOR 110/22 KV SS','TANGEDCO OWN SS','422');
Insert into M_SUBSTATION (ID,CODE,NAME,REMARKS,M_ORG_ID) values ('178','4203','THUMBIPADY 110 KV','TANGEDCO OWN SS','422');
Insert into M_SUBSTATION (ID,CODE,NAME,REMARKS,M_ORG_ID) values ('179','4234','Thoppur 110/22 kV SS','TANGEDCO OWN SS','422');
Insert into M_SUBSTATION (ID,CODE,NAME,REMARKS,M_ORG_ID) values ('180','4229','VEPPADAI','TANGEDCO OWN SS','422');
Insert into M_SUBSTATION (ID,CODE,NAME,REMARKS,M_ORG_ID) values ('638','600','ALAMATHY 110/11 KV SS','TANGEDCO OWN SS','406');
Insert into M_SUBSTATION (ID,CODE,NAME,REMARKS,M_ORG_ID) values ('639','9320','AMBATTUR(TI CYCLES) 33 KV','TANGEDCO OWN SS','406');
Insert into M_SUBSTATION (ID,CODE,NAME,REMARKS,M_ORG_ID) values ('640','9301','ANNA NAGAR 110 KV','TANGEDCO OWN SS','406');
Insert into M_SUBSTATION (ID,CODE,NAME,REMARKS,M_ORG_ID) values ('641','100','ANNA NAGAR 6TH AVENUNE 33/11 KV SS','TANGEDCO OWN SS','406');
Insert into M_SUBSTATION (ID,CODE,NAME,REMARKS,M_ORG_ID) values ('642','9306','ARUMBAKKAM 33 KV','TANGEDCO OWN SS','406');
Insert into M_SUBSTATION (ID,CODE,NAME,REMARKS,M_ORG_ID) values ('643','9302','AVADI 110 KV','TANGEDCO OWN SS','406');
Insert into M_SUBSTATION (ID,CODE,NAME,REMARKS,M_ORG_ID) values ('644','9318','AYYAPAKKAM 110 KV','TANGEDCO OWN SS','406');
Insert into M_SUBSTATION (ID,CODE,NAME,REMARKS,M_ORG_ID) values ('645','9307','CHETPET(Chennai) 33 KV','TANGEDCO OWN SS','406');
Insert into M_SUBSTATION (ID,CODE,NAME,REMARKS,M_ORG_ID) values ('646','9303','INDL.ESTATE(Chennai) ','TANGEDCO OWN SS','406');
Insert into M_SUBSTATION (ID,CODE,NAME,REMARKS,M_ORG_ID) values ('647','9314','JJ NAGAR 33 KV','TANGEDCO OWN SS','406');
Insert into M_SUBSTATION (ID,CODE,NAME,REMARKS,M_ORG_ID) values ('648','9319','KAMARAJ NAGAR 33 KV','TANGEDCO OWN SS','406');
Insert into M_SUBSTATION (ID,CODE,NAME,REMARKS,M_ORG_ID) values ('649','9308','KILPAUK WATER WORKS 33 KV','TANGEDCO OWN SS','406');
Insert into M_SUBSTATION (ID,CODE,NAME,REMARKS,M_ORG_ID) values ('650','9309','KOYAMBEDU MARKET 33 KV','TANGEDCO OWN SS','406');
Insert into M_SUBSTATION (ID,CODE,NAME,REMARKS,M_ORG_ID) values ('651','9310','MADURAVOYAL 33 KV','TANGEDCO OWN SS','406');
Insert into M_SUBSTATION (ID,CODE,NAME,REMARKS,M_ORG_ID) values ('652','9321','MENAMBEDU 33 KV','TANGEDCO OWN SS','406');
Insert into M_SUBSTATION (ID,CODE,NAME,REMARKS,M_ORG_ID) values ('653','200','NOLAMBUR 110/11 KV SS','TANGEDCO OWN SS','406');
Insert into M_SUBSTATION (ID,CODE,NAME,REMARKS,M_ORG_ID) values ('654','9304','PADI 110 KV','TANGEDCO OWN SS','406');
Insert into M_SUBSTATION (ID,CODE,NAME,REMARKS,M_ORG_ID) values ('655','9323','PATTABIRAM 110 KV','TANGEDCO OWN SS','406');
Insert into M_SUBSTATION (ID,CODE,NAME,REMARKS,M_ORG_ID) values ('656','9316','PONDESWARAM 33 KV','TANGEDCO OWN SS','406');
Insert into M_SUBSTATION (ID,CODE,NAME,REMARKS,M_ORG_ID) values ('657','9305','PUZHAL 110 KV','TANGEDCO OWN SS','406');
Insert into M_SUBSTATION (ID,CODE,NAME,REMARKS,M_ORG_ID) values ('658','500','REDHILLS 33 KV SS','TANGEDCO OWN SS','406');
Insert into M_SUBSTATION (ID,CODE,NAME,REMARKS,M_ORG_ID) values ('659','9311','SAF GAMES VILLAGE 33 KV','TANGEDCO OWN SS','406');
Insert into M_SUBSTATION (ID,CODE,NAME,REMARKS,M_ORG_ID) values ('660','9312','SHANTHI COLONY 33 KV','TANGEDCO OWN SS','406');
Insert into M_SUBSTATION (ID,CODE,NAME,REMARKS,M_ORG_ID) values ('661','9315','SIDCO 110 KV','TANGEDCO OWN SS','406');
Insert into M_SUBSTATION (ID,CODE,NAME,REMARKS,M_ORG_ID) values ('662','9317','SOTHUPERUMBEDU 33 KV','TANGEDCO OWN SS','406');
Insert into M_SUBSTATION (ID,CODE,NAME,REMARKS,M_ORG_ID) values ('663','9313','THIRUMANGALAM(CHENNAI) ','TANGEDCO OWN SS','406');
Insert into M_SUBSTATION (ID,CODE,NAME,REMARKS,M_ORG_ID) values ('664','9322','THIRUMULLAIVOYAL 110 KV','TANGEDCO OWN SS','406');
Insert into M_SUBSTATION (ID,CODE,NAME,REMARKS,M_ORG_ID) values ('665','400','THIRUVERKADU 110/33/11 KV SS','TANGEDCO OWN SS','406');
Insert into M_SUBSTATION (ID,CODE,NAME,REMARKS,M_ORG_ID) values ('666','72037','11KV PONPADI','TANGEDCO OWN SS','410');
Insert into M_SUBSTATION (ID,CODE,NAME,REMARKS,M_ORG_ID) values ('667','7206','ATHAMANJERIPET 110 KV','TANGEDCO OWN SS','410');
Insert into M_SUBSTATION (ID,CODE,NAME,REMARKS,M_ORG_ID) values ('668','7208','BANDIKAVANOOR 33 KV','TANGEDCO OWN SS','410');
Insert into M_SUBSTATION (ID,CODE,NAME,REMARKS,M_ORG_ID) values ('669','7202','DAMAL 110 KV','TANGEDCO OWN SS','410');
Insert into M_SUBSTATION (ID,CODE,NAME,REMARKS,M_ORG_ID) values ('670','7229','DEVARIAMPAKKAM 33 KV','TANGEDCO OWN SS','410');
Insert into M_SUBSTATION (ID,CODE,NAME,REMARKS,M_ORG_ID) values ('671','7207','K.G.KANDIGAI 33 KV','TANGEDCO OWN SS','410');
Insert into M_SUBSTATION (ID,CODE,NAME,REMARKS,M_ORG_ID) values ('672','7210','KAKKALUR 110 KV','TANGEDCO OWN SS','410');
Insert into M_SUBSTATION (ID,CODE,NAME,REMARKS,M_ORG_ID) values ('673','6438','THIRUMANGALAKOTTAI 33 KV','TANGEDCO OWN SS','444');
Insert into M_SUBSTATION (ID,CODE,NAME,REMARKS,M_ORG_ID) values ('674','6431','THIRUNAGESWARAM 33 KV','TANGEDCO OWN SS','444');
Insert into M_SUBSTATION (ID,CODE,NAME,REMARKS,M_ORG_ID) values ('675','6414','THIRUPPANANDHAL 110 KV','TANGEDCO OWN SS','444');
Insert into M_SUBSTATION (ID,CODE,NAME,REMARKS,M_ORG_ID) values ('676','6433','THIRUPURAMBIYAM 110 KV','TANGEDCO OWN SS','444');
Insert into M_SUBSTATION (ID,CODE,NAME,REMARKS,M_ORG_ID) values ('677','6423','THIRUVAIYARU 33 KV','TANGEDCO OWN SS','444');
Insert into M_SUBSTATION (ID,CODE,NAME,REMARKS,M_ORG_ID) values ('678','6437','THURAIYUR 33 KV (UM)','TANGEDCO OWN SS','444');
Insert into M_SUBSTATION (ID,CODE,NAME,REMARKS,M_ORG_ID) values ('679','6439','THUVARANKURICHI 33KV (UM)','TANGEDCO OWN SS','444');
Insert into M_SUBSTATION (ID,CODE,NAME,REMARKS,M_ORG_ID) values ('680','6450','URANIPURAM 110 KV','TANGEDCO OWN SS','444');
Insert into M_SUBSTATION (ID,CODE,NAME,REMARKS,M_ORG_ID) values ('681','6426','URANIPURAM 33 KV','TANGEDCO OWN SS','444');
Insert into M_SUBSTATION (ID,CODE,NAME,REMARKS,M_ORG_ID) values ('682','6410','VADASERI 110 KV','TANGEDCO OWN SS','444');
Insert into M_SUBSTATION (ID,CODE,NAME,REMARKS,M_ORG_ID) values ('683','6424','VALANGAIMAN 33 KV','TANGEDCO OWN SS','444');
Insert into M_SUBSTATION (ID,CODE,NAME,REMARKS,M_ORG_ID) values ('684','6404','VEERARASAMPETTAI 110KV','TANGEDCO OWN SS','444');
Insert into M_SUBSTATION (ID,CODE,NAME,REMARKS,M_ORG_ID) values ('685','6432','VILAR 33 KV','TANGEDCO OWN SS','444');
Insert into M_SUBSTATION (ID,CODE,NAME,REMARKS,M_ORG_ID) values ('686','6204','ACHALPURAM 33 KV','TANGEDCO OWN SS','445');
Insert into M_SUBSTATION (ID,CODE,NAME,REMARKS,M_ORG_ID) values ('687','6209','ARASUR 33 KV','TANGEDCO OWN SS','445');
Insert into M_SUBSTATION (ID,CODE,NAME,REMARKS,M_ORG_ID) values ('688','6217','KADALANGUDY 110 KV','TANGEDCO OWN SS','445');
Insert into M_SUBSTATION (ID,CODE,NAME,REMARKS,M_ORG_ID) values ('689','6205','KIDARANKONDAN 33 KV','TANGEDCO OWN SS','445');
Insert into M_SUBSTATION (ID,CODE,NAME,REMARKS,M_ORG_ID) values ('690','51','M/S CPCL HTSC 27','TANGEDCO OWN SS','445');
Insert into M_SUBSTATION (ID,CODE,NAME,REMARKS,M_ORG_ID) values ('691','6234','MALLIAYAKOLLAI 33 KV','TANGEDCO OWN SS','445');
Insert into M_SUBSTATION (ID,CODE,NAME,REMARKS,M_ORG_ID) values ('692','6250','MANAKUDY33 KV','TANGEDCO OWN SS','445');
Insert into M_SUBSTATION (ID,CODE,NAME,REMARKS,M_ORG_ID) values ('693','6207','MANALMEDU 110 KV','TANGEDCO OWN SS','445');
Insert into M_SUBSTATION (ID,CODE,NAME,REMARKS,M_ORG_ID) values ('694','6218','MAYILADUTHURAI 110 KV','TANGEDCO OWN SS','445');
Insert into M_SUBSTATION (ID,CODE,NAME,REMARKS,M_ORG_ID) values ('695','6218','MAYILADUTHURAI 110KV','TANGEDCO OWN SS','445');
Insert into M_SUBSTATION (ID,CODE,NAME,REMARKS,M_ORG_ID) values ('696','6245','MAYILADUTHURAI URBAN 33/11kv','TANGEDCO OWN SS','445');
Insert into M_SUBSTATION (ID,CODE,NAME,REMARKS,M_ORG_ID) values ('697','6236','MEKKIRIMANGALAM33KV','TANGEDCO OWN SS','445');
Insert into M_SUBSTATION (ID,CODE,NAME,REMARKS,M_ORG_ID) values ('698','400','MEMATHUR 33/11 KV SS ','TANGEDCO OWN SS','445');
Insert into M_SUBSTATION (ID,CODE,NAME,REMARKS,M_ORG_ID) values ('699','6236','MYLADUTHURAI/MEKKIRIMANGALAM','TANGEDCO OWN SS','445');
Insert into M_SUBSTATION (ID,CODE,NAME,REMARKS,M_ORG_ID) values ('700','6251','Manalmedu110KV','TANGEDCO OWN SS','445');
Insert into M_SUBSTATION (ID,CODE,NAME,REMARKS,M_ORG_ID) values ('701','3235','SHOLAVANDAN','TANGEDCO OWN SS','452');
Insert into M_SUBSTATION (ID,CODE,NAME,REMARKS,M_ORG_ID) values ('702','3212','T.KALLUPATTY 110 KV','TANGEDCO OWN SS','452');
Insert into M_SUBSTATION (ID,CODE,NAME,REMARKS,M_ORG_ID) values ('703','3233','THANIYAMANGALAM','TANGEDCO OWN SS','452');
Insert into M_SUBSTATION (ID,CODE,NAME,REMARKS,M_ORG_ID) values ('704','3211','THIRUMANGALAM 110 KV','TANGEDCO OWN SS','452');
Insert into M_SUBSTATION (ID,CODE,NAME,REMARKS,M_ORG_ID) values ('705','452','THIRUMANGALAM/ T.KUNNATHUR 33KV SS','TANGEDCO OWN SS','452');
Insert into M_SUBSTATION (ID,CODE,NAME,REMARKS,M_ORG_ID) values ('706','3205','THIRUPPALAI 110 KV','TANGEDCO OWN SS','452');
Insert into M_SUBSTATION (ID,CODE,NAME,REMARKS,M_ORG_ID) values ('707','3218','THUMMAKKUNDU 33 KV','TANGEDCO OWN SS','452');
Insert into M_SUBSTATION (ID,CODE,NAME,REMARKS,M_ORG_ID) values ('708','12314','Thirumangalam  / T.Kunnathur','TANGEDCO OWN SS','452');
Insert into M_SUBSTATION (ID,CODE,NAME,REMARKS,M_ORG_ID) values ('709','3207','URANGAMPATTY 110 KV','TANGEDCO OWN SS','452');
Insert into M_SUBSTATION (ID,CODE,NAME,REMARKS,M_ORG_ID) values ('710','452','USILAMPATTY / ACHAMPATHU 110KV SS','TANGEDCO OWN SS','452');
Insert into M_SUBSTATION (ID,CODE,NAME,REMARKS,M_ORG_ID) values ('711','3216','USILAMPATTY 110 KV','TANGEDCO OWN SS','452');
Insert into M_SUBSTATION (ID,CODE,NAME,REMARKS,M_ORG_ID) values ('712','3210','VADIPATTY 110 KV','TANGEDCO OWN SS','452');
Insert into M_SUBSTATION (ID,CODE,NAME,REMARKS,M_ORG_ID) values ('713','3234','VANDIYUR','TANGEDCO OWN SS','452');
Insert into M_SUBSTATION (ID,CODE,NAME,REMARKS,M_ORG_ID) values ('714','3220','VICKIRAMANGALAM 33 KV','TANGEDCO OWN SS','452');
Insert into M_SUBSTATION (ID,CODE,NAME,REMARKS,M_ORG_ID) values ('715','3203','VILLAPURAM 110 KV','TANGEDCO OWN SS','452');
Insert into M_SUBSTATION (ID,CODE,NAME,REMARKS,M_ORG_ID) values ('716','3410','A.THEKKUR 66 KV','TANGEDCO OWN SS','460');
Insert into M_SUBSTATION (ID,CODE,NAME,REMARKS,M_ORG_ID) values ('717','3416','ARASANOOR 110/22kv SUBSTATION','TANGEDCO OWN SS','460');
Insert into M_SUBSTATION (ID,CODE,NAME,REMARKS,M_ORG_ID) values ('718','3416','Arasanoor','TANGEDCO OWN SS','460');
Insert into M_SUBSTATION (ID,CODE,NAME,REMARKS,M_ORG_ID) values ('719','3413','DEVAKOTTAI 110 KV','TANGEDCO OWN SS','460');
Insert into M_SUBSTATION (ID,CODE,NAME,REMARKS,M_ORG_ID) values ('720','3405','ILAYANKUDI 110 KV','TANGEDCO OWN SS','460');
Insert into M_SUBSTATION (ID,CODE,NAME,REMARKS,M_ORG_ID) values ('721','3402','KALAYARKOIL 110 KV','TANGEDCO OWN SS','460');
Insert into M_SUBSTATION (ID,CODE,NAME,REMARKS,M_ORG_ID) values ('722','3415','KALLAL 66 KV','TANGEDCO OWN SS','460');
Insert into M_SUBSTATION (ID,CODE,NAME,REMARKS,M_ORG_ID) values ('723','3408','KANADUKATHAN 110 KV','TANGEDCO OWN SS','460');
Insert into M_SUBSTATION (ID,CODE,NAME,REMARKS,M_ORG_ID) values ('724','3407','KARAIKUDI 110 KV','TANGEDCO OWN SS','460');
Insert into M_SUBSTATION (ID,CODE,NAME,REMARKS,M_ORG_ID) values ('725','100','KARAIKUDI 230 KV SS','TANGEDCO OWN SS','460');
Insert into M_SUBSTATION (ID,CODE,NAME,REMARKS,M_ORG_ID) values ('726','3418','MADAGUPATTY 110 KV','TANGEDCO OWN SS','460');
Insert into M_SUBSTATION (ID,CODE,NAME,REMARKS,M_ORG_ID) values ('727','3403','MANAMADURAI 110 KV','TANGEDCO OWN SS','460');
Insert into M_SUBSTATION (ID,CODE,NAME,REMARKS,M_ORG_ID) values ('728','3416','Manamadurai/Arasanoor','TANGEDCO OWN SS','460');
Insert into M_SUBSTATION (ID,CODE,NAME,REMARKS,M_ORG_ID) values ('729','3404','NELMUDIKARAI 110 KV','TANGEDCO OWN SS','460');
Insert into M_SUBSTATION (ID,CODE,NAME,REMARKS,M_ORG_ID) values ('730','3411','S.PUDUR 66 KV','TANGEDCO OWN SS','460');
Insert into M_SUBSTATION (ID,CODE,NAME,REMARKS,M_ORG_ID) values ('731','3414','SAKKAVAYAL 110/22  KV','TANGEDCO OWN SS','460');
Insert into M_SUBSTATION (ID,CODE,NAME,REMARKS,M_ORG_ID) values ('201','4413','THADAVOOR 110 KV','TANGEDCO OWN SS','424');
Insert into M_SUBSTATION (ID,CODE,NAME,REMARKS,M_ORG_ID) values ('202','4412','THALAIVASAL 110 KV','TANGEDCO OWN SS','424');
Insert into M_SUBSTATION (ID,CODE,NAME,REMARKS,M_ORG_ID) values ('203','4411','THAMMAMPATTY 110 KV','TANGEDCO OWN SS','424');
Insert into M_SUBSTATION (ID,CODE,NAME,REMARKS,M_ORG_ID) values ('204','4409','THUMBAL 110 KV','TANGEDCO OWN SS','424');
Insert into M_SUBSTATION (ID,CODE,NAME,REMARKS,M_ORG_ID) values ('205','4241','TOWN/KITCHIPALAYAM','TANGEDCO OWN SS','424');
Insert into M_SUBSTATION (ID,CODE,NAME,REMARKS,M_ORG_ID) values ('206','4414','UDAYAPATTY 110 KV','TANGEDCO OWN SS','424');
Insert into M_SUBSTATION (ID,CODE,NAME,REMARKS,M_ORG_ID) values ('207','4422','VALAPADY / PUTHIRAGOUNDAMPALAYAM','TANGEDCO OWN SS','424');
Insert into M_SUBSTATION (ID,CODE,NAME,REMARKS,M_ORG_ID) values ('208','4426','VALAPADY/MALLIYAKARAI','TANGEDCO OWN SS','424');
Insert into M_SUBSTATION (ID,CODE,NAME,REMARKS,M_ORG_ID) values ('209','4222','VALAPADY/P.G.PALAYAM','TANGEDCO OWN SS','424');
Insert into M_SUBSTATION (ID,CODE,NAME,REMARKS,M_ORG_ID) values ('210','4422','VALAPADY/PUTHIRAGOUNDAMPALAYAM','TANGEDCO OWN SS','424');
Insert into M_SUBSTATION (ID,CODE,NAME,REMARKS,M_ORG_ID) values ('211','4405','VEMBADITHALAM 110 KV','TANGEDCO OWN SS','424');
Insert into M_SUBSTATION (ID,CODE,NAME,REMARKS,M_ORG_ID) values ('212','101','ANJUR 33/11 KV','TANGEDCO OWN SS','426');
Insert into M_SUBSTATION (ID,CODE,NAME,REMARKS,M_ORG_ID) values ('213','4311','ARACHALUR 33 KV (UM)','TANGEDCO OWN SS','426');
Insert into M_SUBSTATION (ID,CODE,NAME,REMARKS,M_ORG_ID) values ('214','100','AVALPOONDURAI 33/11 KV','TANGEDCO OWN SS','426');
Insert into M_SUBSTATION (ID,CODE,NAME,REMARKS,M_ORG_ID) values ('215','4116','BHAVANI/THALAVAIPETTAI 110/22 KV','TANGEDCO OWN SS','426');
Insert into M_SUBSTATION (ID,CODE,NAME,REMARKS,M_ORG_ID) values ('216','4318','CHENNIMALAI 33 KV','TANGEDCO OWN SS','426');
Insert into M_SUBSTATION (ID,CODE,NAME,REMARKS,M_ORG_ID) values ('217','4304','ELUMATHUR 110 KV','TANGEDCO OWN SS','426');
Insert into M_SUBSTATION (ID,CODE,NAME,REMARKS,M_ORG_ID) values ('218','4301','ERODE 110 KV','TANGEDCO OWN SS','426');
Insert into M_SUBSTATION (ID,CODE,NAME,REMARKS,M_ORG_ID) values ('219','4316','GANDHI NAGAR 110/22-11 KV','TANGEDCO OWN SS','426');
Insert into M_SUBSTATION (ID,CODE,NAME,REMARKS,M_ORG_ID) values ('220','4308','INGUR 110 KV','TANGEDCO OWN SS','426');
Insert into M_SUBSTATION (ID,CODE,NAME,REMARKS,M_ORG_ID) values ('221','4310','K.B.GRAM 33 KV (UM)','TANGEDCO OWN SS','426');
Insert into M_SUBSTATION (ID,CODE,NAME,REMARKS,M_ORG_ID) values ('222','1601','KANGAYAM/MUTHUR 110/11 KV','TANGEDCO OWN SS','426');
Insert into M_SUBSTATION (ID,CODE,NAME,REMARKS,M_ORG_ID) values ('223','1603','KANGYAM/PALAYAKOTTAI 110/33-11 KV','TANGEDCO OWN SS','426');
Insert into M_SUBSTATION (ID,CODE,NAME,REMARKS,M_ORG_ID) values ('224','4307','KASPAPETTAI 110 KV','TANGEDCO OWN SS','426');
Insert into M_SUBSTATION (ID,CODE,NAME,REMARKS,M_ORG_ID) values ('225','4303','KAVANDAPADI 110 KV','TANGEDCO OWN SS','426');
Insert into M_SUBSTATION (ID,CODE,NAME,REMARKS,M_ORG_ID) values ('226','4306','KODUMUDI 110 KV','TANGEDCO OWN SS','426');
Insert into M_SUBSTATION (ID,CODE,NAME,REMARKS,M_ORG_ID) values ('227','4320','KUNNATHUR 33 KV','TANGEDCO OWN SS','426');
Insert into M_SUBSTATION (ID,CODE,NAME,REMARKS,M_ORG_ID) values ('228','4336','METTUKADAI 110/22 KV','TANGEDCO OWN SS','426');
Insert into M_SUBSTATION (ID,CODE,NAME,REMARKS,M_ORG_ID) values ('229','4335','NADUPALAYAM 110 KV','TANGEDCO OWN SS','426');
Insert into M_SUBSTATION (ID,CODE,NAME,REMARKS,M_ORG_ID) values ('230','53','NTADCL. TIRUPUR HTSC 190','TANGEDCO OWN SS','426');
Insert into M_SUBSTATION (ID,CODE,NAME,REMARKS,M_ORG_ID) values ('231','54','NTADCL. TIRUPUR HTSC 195','TANGEDCO OWN SS','426');
Insert into M_SUBSTATION (ID,CODE,NAME,REMARKS,M_ORG_ID) values ('232','4319','P.G.PALAYAM 33 KV','TANGEDCO OWN SS','426');
Insert into M_SUBSTATION (ID,CODE,NAME,REMARKS,M_ORG_ID) values ('233','4345','Periyandipalayam 110/11 KV SS','TANGEDCO OWN SS','426');
Insert into M_SUBSTATION (ID,CODE,NAME,REMARKS,M_ORG_ID) values ('234','52','SAKTHI AUTO COMPONENT HTSC 85','TANGEDCO OWN SS','426');
Insert into M_SUBSTATION (ID,CODE,NAME,REMARKS,M_ORG_ID) values ('235','55','SAKTHI SUGARS HTSC 299','TANGEDCO OWN SS','426');
Insert into M_SUBSTATION (ID,CODE,NAME,REMARKS,M_ORG_ID) values ('236','50','SAKTHI SUGARS HTSC 7','TANGEDCO OWN SS','426');
Insert into M_SUBSTATION (ID,CODE,NAME,REMARKS,M_ORG_ID) values ('237','4228','SANGIRI/SAMAYASANGILI 110/22 KV','TANGEDCO OWN SS','426');
Insert into M_SUBSTATION (ID,CODE,NAME,REMARKS,M_ORG_ID) values ('238','4330','SANITORIUM 33 KV','TANGEDCO OWN SS','426');
Insert into M_SUBSTATION (ID,CODE,NAME,REMARKS,M_ORG_ID) values ('239','4340','SIPCOT 110/11 KV SS','TANGEDCO OWN SS','426');
Insert into M_SUBSTATION (ID,CODE,NAME,REMARKS,M_ORG_ID) values ('240','4317','SIPCOT 110/33-11 KV','TANGEDCO OWN SS','426');
Insert into M_SUBSTATION (ID,CODE,NAME,REMARKS,M_ORG_ID) values ('241','4305','SIVAGIRI 110 KV','TANGEDCO OWN SS','426');
Insert into M_SUBSTATION (ID,CODE,NAME,REMARKS,M_ORG_ID) values ('242','51','SOUTHERN RAILWAY HTSC 84','TANGEDCO OWN SS','426');
Insert into M_SUBSTATION (ID,CODE,NAME,REMARKS,M_ORG_ID) values ('243','4302','SURIYAMPALAYAM 110 KV','TANGEDCO OWN SS','426');
Insert into M_SUBSTATION (ID,CODE,NAME,REMARKS,M_ORG_ID) values ('244','4322','THINGALORE 33 KV','TANGEDCO OWN SS','426');
Insert into M_SUBSTATION (ID,CODE,NAME,REMARKS,M_ORG_ID) values ('245','1605','TIRUPUR/UTHUKULI 110/11 KV','TANGEDCO OWN SS','426');
Insert into M_SUBSTATION (ID,CODE,NAME,REMARKS,M_ORG_ID) values ('246','4321','UTHUKULI 33 KV','TANGEDCO OWN SS','426');
Insert into M_SUBSTATION (ID,CODE,NAME,REMARKS,M_ORG_ID) values ('247','4339','VELAMPALAYAM 33/11 KV SS','TANGEDCO OWN SS','426');
Insert into M_SUBSTATION (ID,CODE,NAME,REMARKS,M_ORG_ID) values ('248','4312','VELLODE 33 KV (UM)','TANGEDCO OWN SS','426');
Insert into M_SUBSTATION (ID,CODE,NAME,REMARKS,M_ORG_ID) values ('249','1211','ANNUR 110 KV','TANGEDCO OWN SS','430');
Insert into M_SUBSTATION (ID,CODE,NAME,REMARKS,M_ORG_ID) values ('250','1216','DEVARAYAPURAM 110 KV','TANGEDCO OWN SS','430');
Insert into M_SUBSTATION (ID,CODE,NAME,REMARKS,M_ORG_ID) values ('251','1213','IRUMBARAI 110 KV','TANGEDCO OWN SS','430');
Insert into M_SUBSTATION (ID,CODE,NAME,REMARKS,M_ORG_ID) values ('252','1230','K.VADAMADURAI/SAHARA','TANGEDCO OWN SS','430');
Insert into M_SUBSTATION (ID,CODE,NAME,REMARKS,M_ORG_ID) values ('253','1234','KATHIRNAICKENPALAYAM 110/22KVSS','TANGEDCO OWN SS','430');
Insert into M_SUBSTATION (ID,CODE,NAME,REMARKS,M_ORG_ID) values ('254','1223','KEERANATHAM','TANGEDCO OWN SS','430');
Insert into M_SUBSTATION (ID,CODE,NAME,REMARKS,M_ORG_ID) values ('255','1214','KOILPALAYAM 110 KV','TANGEDCO OWN SS','430');
Insert into M_SUBSTATION (ID,CODE,NAME,REMARKS,M_ORG_ID) values ('256','12','KUPPEPALAYAM','TANGEDCO OWN SS','430');
Insert into M_SUBSTATION (ID,CODE,NAME,REMARKS,M_ORG_ID) values ('257','1231','M.G.C.PALAYAM 110/22KVSS','TANGEDCO OWN SS','430');
Insert into M_SUBSTATION (ID,CODE,NAME,REMARKS,M_ORG_ID) values ('258','1206','MADAMPATTY 110 KV','TANGEDCO OWN SS','430');
Insert into M_SUBSTATION (ID,CODE,NAME,REMARKS,M_ORG_ID) values ('259','1223','MADDAMPALAYAM','TANGEDCO OWN SS','430');
Insert into M_SUBSTATION (ID,CODE,NAME,REMARKS,M_ORG_ID) values ('260','1205','MARUDUR 110 KV','TANGEDCO OWN SS','430');
Insert into M_SUBSTATION (ID,CODE,NAME,REMARKS,M_ORG_ID) values ('261','1201','METTUPALAYAM 110 KV','TANGEDCO OWN SS','430');
Insert into M_SUBSTATION (ID,CODE,NAME,REMARKS,M_ORG_ID) values ('262','1210','P.N.PALAYAM 110 KV','TANGEDCO OWN SS','430');
Insert into M_SUBSTATION (ID,CODE,NAME,REMARKS,M_ORG_ID) values ('263','1233','PADUVAMPALLY 110/22KVSS','TANGEDCO OWN SS','430');
Insert into M_SUBSTATION (ID,CODE,NAME,REMARKS,M_ORG_ID) values ('264','1209','S.N.PALAYAM 110 KV','TANGEDCO OWN SS','430');
Insert into M_SUBSTATION (ID,CODE,NAME,REMARKS,M_ORG_ID) values ('265','1202','SARAVANAMPATTY 110 KV','TANGEDCO OWN SS','430');
Insert into M_SUBSTATION (ID,CODE,NAME,REMARKS,M_ORG_ID) values ('266','1212','THUDIALUR 110 KV','TANGEDCO OWN SS','430');
Insert into M_SUBSTATION (ID,CODE,NAME,REMARKS,M_ORG_ID) values ('267','100','URBAN','TANGEDCO OWN SS','430');
Insert into M_SUBSTATION (ID,CODE,NAME,REMARKS,M_ORG_ID) values ('268','30','110-22 KV KURICHY ','TANGEDCO OWN SS','432');
Insert into M_SUBSTATION (ID,CODE,NAME,REMARKS,M_ORG_ID) values ('269','1301','ARASUR 110 KV','TANGEDCO OWN SS','432');
Insert into M_SUBSTATION (ID,CODE,NAME,REMARKS,M_ORG_ID) values ('270','1323','ARC LT SS','TANGEDCO OWN SS','432');
Insert into M_SUBSTATION (ID,CODE,NAME,REMARKS,M_ORG_ID) values ('271','1332','EARIPALAYAM','TANGEDCO OWN SS','432');
Insert into M_SUBSTATION (ID,CODE,NAME,REMARKS,M_ORG_ID) values ('272','1343','ELACHIPALAYAM LT SS','TANGEDCO OWN SS','432');
Insert into M_SUBSTATION (ID,CODE,NAME,REMARKS,M_ORG_ID) values ('273','1338','IRUGUR 110/11KV','TANGEDCO OWN SS','432');
Insert into M_SUBSTATION (ID,CODE,NAME,REMARKS,M_ORG_ID) values ('274','1758','ITCHIPATTY 110 KV','TANGEDCO OWN SS','432');
Insert into M_SUBSTATION (ID,CODE,NAME,REMARKS,M_ORG_ID) values ('275','1318','KADUVETTIPALAYAM 110 KV','TANGEDCO OWN SS','432');
Insert into M_SUBSTATION (ID,CODE,NAME,REMARKS,M_ORG_ID) values ('276','1333','KANIYUR 110 KV','TANGEDCO OWN SS','432');
Insert into M_SUBSTATION (ID,CODE,NAME,REMARKS,M_ORG_ID) values ('277','1510','KINATHUKKADAVU','TANGEDCO OWN SS','432');
Insert into M_SUBSTATION (ID,CODE,NAME,REMARKS,M_ORG_ID) values ('278','1329','KUMARAN MILL LT SS','TANGEDCO OWN SS','432');
Insert into M_SUBSTATION (ID,CODE,NAME,REMARKS,M_ORG_ID) values ('279','1356','KURUNALLIPALAYAM','TANGEDCO OWN SS','432');
Insert into M_SUBSTATION (ID,CODE,NAME,REMARKS,M_ORG_ID) values ('280','1334','M/S ACC   EHT 110 KV','TANGEDCO OWN SS','432');
Insert into M_SUBSTATION (ID,CODE,NAME,REMARKS,M_ORG_ID) values ('281','1335','M/S KPR EHT 110 KV','TANGEDCO OWN SS','432');
Insert into M_SUBSTATION (ID,CODE,NAME,REMARKS,M_ORG_ID) values ('282','1336','M/S TCS EHT 110 KV ','TANGEDCO OWN SS','432');
Insert into M_SUBSTATION (ID,CODE,NAME,REMARKS,M_ORG_ID) values ('283','1456','M/S. L & T EHT SC','TANGEDCO OWN SS','432');
Insert into M_SUBSTATION (ID,CODE,NAME,REMARKS,M_ORG_ID) values ('284','533','M/s.SUZLON Infrastructure EHT','TANGEDCO OWN SS','432');
Insert into M_SUBSTATION (ID,CODE,NAME,REMARKS,M_ORG_ID) values ('285','1302','MADUKKARAI 110 KV','TANGEDCO OWN SS','432');
Insert into M_SUBSTATION (ID,CODE,NAME,REMARKS,M_ORG_ID) values ('286','1520','MILL KOILPALAYAM','TANGEDCO OWN SS','432');
Insert into M_SUBSTATION (ID,CODE,NAME,REMARKS,M_ORG_ID) values ('287','1509','NEGAMAM','TANGEDCO OWN SS','432');
Insert into M_SUBSTATION (ID,CODE,NAME,REMARKS,M_ORG_ID) values ('288','1356','NEGAMAM/KURUNALLIPALAYAM','TANGEDCO OWN SS','432');
Insert into M_SUBSTATION (ID,CODE,NAME,REMARKS,M_ORG_ID) values ('289','1450','Neelambur','TANGEDCO OWN SS','432');
Insert into M_SUBSTATION (ID,CODE,NAME,REMARKS,M_ORG_ID) values ('290','31','O.K .MANDAPAM 110/22 KV ','TANGEDCO OWN SS','432');
Insert into M_SUBSTATION (ID,CODE,NAME,REMARKS,M_ORG_ID) values ('291','1347','PODANUR','TANGEDCO OWN SS','432');
Insert into M_SUBSTATION (ID,CODE,NAME,REMARKS,M_ORG_ID) values ('292','1309','POOMALUR 33 KV','TANGEDCO OWN SS','432');
Insert into M_SUBSTATION (ID,CODE,NAME,REMARKS,M_ORG_ID) values ('293','1303','SIDCO(CBE) 110 KV','TANGEDCO OWN SS','432');
Insert into M_SUBSTATION (ID,CODE,NAME,REMARKS,M_ORG_ID) values ('294','1307','SOMANUR 110 KV','TANGEDCO OWN SS','432');
Insert into M_SUBSTATION (ID,CODE,NAME,REMARKS,M_ORG_ID) values ('295','1327','SULTANPET WF SS','TANGEDCO OWN SS','432');
Insert into M_SUBSTATION (ID,CODE,NAME,REMARKS,M_ORG_ID) values ('296','1339','SUZLON','TANGEDCO OWN SS','432');
Insert into M_SUBSTATION (ID,CODE,NAME,REMARKS,M_ORG_ID) values ('297','1448','Sellappampalayam 110 KV','TANGEDCO OWN SS','432');
Insert into M_SUBSTATION (ID,CODE,NAME,REMARKS,M_ORG_ID) values ('298','1357','Somanur/110/11KV Vanjipalayam','TANGEDCO OWN SS','432');
Insert into M_SUBSTATION (ID,CODE,NAME,REMARKS,M_ORG_ID) values ('299','1308','THEKKALUR 110 KV','TANGEDCO OWN SS','432');
Insert into M_SUBSTATION (ID,CODE,NAME,REMARKS,M_ORG_ID) values ('300','1321','THEKKALUR LT SS','TANGEDCO OWN SS','432');
Insert into M_SUBSTATION (ID,CODE,NAME,REMARKS,M_ORG_ID) values ('301','1519','ANAMALAI 110 KV','TANGEDCO OWN SS','434');
Insert into M_SUBSTATION (ID,CODE,NAME,REMARKS,M_ORG_ID) values ('302','1507','ANGALAKURICHI 110 KV','TANGEDCO OWN SS','434');
Insert into M_SUBSTATION (ID,CODE,NAME,REMARKS,M_ORG_ID) values ('303','1511','DHARAPURAM 110 KV','TANGEDCO OWN SS','434');
Insert into M_SUBSTATION (ID,CODE,NAME,REMARKS,M_ORG_ID) values ('304','1508','IYERPADY 110 KV','TANGEDCO OWN SS','434');
Insert into M_SUBSTATION (ID,CODE,NAME,REMARKS,M_ORG_ID) values ('305','1514','KANNIVADY 33 KV','TANGEDCO OWN SS','434');
Insert into M_SUBSTATION (ID,CODE,NAME,REMARKS,M_ORG_ID) values ('306','1510','KINATHUKADAVU 100 KV','TANGEDCO OWN SS','434');
Insert into M_SUBSTATION (ID,CODE,NAME,REMARKS,M_ORG_ID) values ('307','1517','KOLATHUPALAYAM 110 KV','TANGEDCO OWN SS','434');
Insert into M_SUBSTATION (ID,CODE,NAME,REMARKS,M_ORG_ID) values ('308','1513','KUNDADAM 110 KV','TANGEDCO OWN SS','434');
Insert into M_SUBSTATION (ID,CODE,NAME,REMARKS,M_ORG_ID) values ('309','1515','M.C.PALAYAM 110 KV','TANGEDCO OWN SS','434');
Insert into M_SUBSTATION (ID,CODE,NAME,REMARKS,M_ORG_ID) values ('310','1505','MADATHUKULAM 110 KV','TANGEDCO OWN SS','434');
Insert into M_SUBSTATION (ID,CODE,NAME,REMARKS,M_ORG_ID) values ('311','1516','MILLKOILPALAYAM 110 KV','TANGEDCO OWN SS','434');
Insert into M_SUBSTATION (ID,CODE,NAME,REMARKS,M_ORG_ID) values ('312','1512','MULANOOR 110 KV','TANGEDCO OWN SS','434');
Insert into M_SUBSTATION (ID,CODE,NAME,REMARKS,M_ORG_ID) values ('313','1509','NEGAMAM 110 KV','TANGEDCO OWN SS','434');
Insert into M_SUBSTATION (ID,CODE,NAME,REMARKS,M_ORG_ID) values ('314','1504','PALAPPAMPATTY 110 KV','TANGEDCO OWN SS','434');
Insert into M_SUBSTATION (ID,CODE,NAME,REMARKS,M_ORG_ID) values ('315','1506','POLLACHI 110 KV','TANGEDCO OWN SS','434');
Insert into M_SUBSTATION (ID,CODE,NAME,REMARKS,M_ORG_ID) values ('316','1503','POOLANKINAR 110 KV','TANGEDCO OWN SS','434');
Insert into M_SUBSTATION (ID,CODE,NAME,REMARKS,M_ORG_ID) values ('317','1502','POOLAVADY 110 KV','TANGEDCO OWN SS','434');
Insert into M_SUBSTATION (ID,CODE,NAME,REMARKS,M_ORG_ID) values ('318','1501','UDUMALPET 110 KV','TANGEDCO OWN SS','434');
Insert into M_SUBSTATION (ID,CODE,NAME,REMARKS,M_ORG_ID) values ('319','1518','VADUGAPATTY 110 KV','TANGEDCO OWN SS','434');
Insert into M_SUBSTATION (ID,CODE,NAME,REMARKS,M_ORG_ID) values ('320','1101','COIMBATORE 110 KV','TANGEDCO OWN SS','435');
Insert into M_SUBSTATION (ID,CODE,NAME,REMARKS,M_ORG_ID) values ('321','1104','IRUGUR 110 KV','TANGEDCO OWN SS','435');
Insert into M_SUBSTATION (ID,CODE,NAME,REMARKS,M_ORG_ID) values ('322','1107','KALAPATTY 110 KV','TANGEDCO OWN SS','435');
Insert into M_SUBSTATION (ID,CODE,NAME,REMARKS,M_ORG_ID) values ('323','1108','KALLIMADAI 110 KV','TANGEDCO OWN SS','435');
Insert into M_SUBSTATION (ID,CODE,NAME,REMARKS,M_ORG_ID) values ('324','1110','KARANAMPETTAI 33KV','TANGEDCO OWN SS','435');
Insert into M_SUBSTATION (ID,CODE,NAME,REMARKS,M_ORG_ID) values ('325','1112','Kavundampalayam 110/22-11 KV ','TANGEDCO OWN SS','435');
Insert into M_SUBSTATION (ID,CODE,NAME,REMARKS,M_ORG_ID) values ('326','1113','Mylampatty 110/11 KV SS','TANGEDCO OWN SS','435');
Insert into M_SUBSTATION (ID,CODE,NAME,REMARKS,M_ORG_ID) values ('327','1103','PEEDAMPALLY 110 KV','TANGEDCO OWN SS','435');
Insert into M_SUBSTATION (ID,CODE,NAME,REMARKS,M_ORG_ID) values ('328','1102','PEELAMEDU 110 KV','TANGEDCO OWN SS','435');
Insert into M_SUBSTATION (ID,CODE,NAME,REMARKS,M_ORG_ID) values ('329','1116','R.S.Puram 110/11 KV SS','TANGEDCO OWN SS','435');
Insert into M_SUBSTATION (ID,CODE,NAME,REMARKS,M_ORG_ID) values ('330','1106','SULUR 110 KV','TANGEDCO OWN SS','435');
Insert into M_SUBSTATION (ID,CODE,NAME,REMARKS,M_ORG_ID) values ('331','1105','UKKADAM 110 KV','TANGEDCO OWN SS','435');
Insert into M_SUBSTATION (ID,CODE,NAME,REMARKS,M_ORG_ID) values ('332','1109','VILANKURICHI 33KV','TANGEDCO OWN SS','435');
Insert into M_SUBSTATION (ID,CODE,NAME,REMARKS,M_ORG_ID) values ('333','4128','ALUKULLI','TANGEDCO OWN SS','436');
Insert into M_SUBSTATION (ID,CODE,NAME,REMARKS,M_ORG_ID) values ('334','4218','ALUKULLI','TANGEDCO OWN SS','436');
Insert into M_SUBSTATION (ID,CODE,NAME,REMARKS,M_ORG_ID) values ('335','4106','ANTHIYUR 110 KV','TANGEDCO OWN SS','436');
Insert into M_SUBSTATION (ID,CODE,NAME,REMARKS,M_ORG_ID) values ('336','4109','BHAVANISAGAR 110 KV','TANGEDCO OWN SS','436');
Insert into M_SUBSTATION (ID,CODE,NAME,REMARKS,M_ORG_ID) values ('337','4126','Bhavani/Uratchikottai','TANGEDCO OWN SS','436');
Insert into M_SUBSTATION (ID,CODE,NAME,REMARKS,M_ORG_ID) values ('338','4108','CHENNAMPATTY 110 KV','TANGEDCO OWN SS','436');
Insert into M_SUBSTATION (ID,CODE,NAME,REMARKS,M_ORG_ID) values ('339','33','Chimitahally','TANGEDCO OWN SS','436');
Insert into M_SUBSTATION (ID,CODE,NAME,REMARKS,M_ORG_ID) values ('340','29','Chimitahally 33/11KV SS','TANGEDCO OWN SS','436');
Insert into M_SUBSTATION (ID,CODE,NAME,REMARKS,M_ORG_ID) values ('341','4122','ERANGATTUR     33/11 KV SS','TANGEDCO OWN SS','436');
Insert into M_SUBSTATION (ID,CODE,NAME,REMARKS,M_ORG_ID) values ('342','4303','Erode Urban /Kavundapady','TANGEDCO OWN SS','436');
Insert into M_SUBSTATION (ID,CODE,NAME,REMARKS,M_ORG_ID) values ('343','4302','Erode Urban/Suriampalaym','TANGEDCO OWN SS','436');
Insert into M_SUBSTATION (ID,CODE,NAME,REMARKS,M_ORG_ID) values ('344','4302','Erode-Urban/  Suriampalayam','TANGEDCO OWN SS','436');
Insert into M_SUBSTATION (ID,CODE,NAME,REMARKS,M_ORG_ID) values ('345','4113','GAZALATTY 110 KV','TANGEDCO OWN SS','436');
Insert into M_SUBSTATION (ID,CODE,NAME,REMARKS,M_ORG_ID) values ('346','4120','GETTICHEVIYUR 110/11 KV SS','TANGEDCO OWN SS','436');
Insert into M_SUBSTATION (ID,CODE,NAME,REMARKS,M_ORG_ID) values ('347','4101','GOBI 110 KV','TANGEDCO OWN SS','436');
Insert into M_SUBSTATION (ID,CODE,NAME,REMARKS,M_ORG_ID) values ('348','4127','Gobi/ Nallagoundanpalayam','TANGEDCO OWN SS','436');
Insert into M_SUBSTATION (ID,CODE,NAME,REMARKS,M_ORG_ID) values ('349','4102','KARATTUPALAYAM 110 KV','TANGEDCO OWN SS','436');
Insert into M_SUBSTATION (ID,CODE,NAME,REMARKS,M_ORG_ID) values ('350','4118','KAVILIPALAYAM 110 KV','TANGEDCO OWN SS','436');
Insert into M_SUBSTATION (ID,CODE,NAME,REMARKS,M_ORG_ID) values ('351','4115','KOLAPPALUR 110 KV','TANGEDCO OWN SS','436');
Insert into M_SUBSTATION (ID,CODE,NAME,REMARKS,M_ORG_ID) values ('352','4107','KONNERIPATTY 110 KV','TANGEDCO OWN SS','436');
Insert into M_SUBSTATION (ID,CODE,NAME,REMARKS,M_ORG_ID) values ('353','4105','KUGALUR 110 KV','TANGEDCO OWN SS','436');
Insert into M_SUBSTATION (ID,CODE,NAME,REMARKS,M_ORG_ID) values ('354','4129','MALAYAPALAYAM','TANGEDCO OWN SS','436');
Insert into M_SUBSTATION (ID,CODE,NAME,REMARKS,M_ORG_ID) values ('355','4103','NAMBIYUR 110 KV','TANGEDCO OWN SS','436');
Insert into M_SUBSTATION (ID,CODE,NAME,REMARKS,M_ORG_ID) values ('356','4110','PERIYAKODIVERY 110 KV','TANGEDCO OWN SS','436');
Insert into M_SUBSTATION (ID,CODE,NAME,REMARKS,M_ORG_ID) values ('357','4121','PERUMPALLAM  33/11 KV SS ','TANGEDCO OWN SS','436');
Insert into M_SUBSTATION (ID,CODE,NAME,REMARKS,M_ORG_ID) values ('358','4130','PUDU SURIYAMPALAYAM','TANGEDCO OWN SS','436');
Insert into M_SUBSTATION (ID,CODE,NAME,REMARKS,M_ORG_ID) values ('359','4112','PULIYAMPATTY 110 KV','TANGEDCO OWN SS','436');
Insert into M_SUBSTATION (ID,CODE,NAME,REMARKS,M_ORG_ID) values ('360','4322','Perundurai/ Thingalore','TANGEDCO OWN SS','436');
Insert into M_SUBSTATION (ID,CODE,NAME,REMARKS,M_ORG_ID) values ('361','300','SIRUGANUR 110/22 KV SS','TANGEDCO OWN SS','442');
Insert into M_SUBSTATION (ID,CODE,NAME,REMARKS,M_ORG_ID) values ('362','6622','SRIRANGAM 110 KVSS','TANGEDCO OWN SS','442');
Insert into M_SUBSTATION (ID,CODE,NAME,REMARKS,M_ORG_ID) values ('363','6622','SRIRANGAM 33 KV','TANGEDCO OWN SS','442');
Insert into M_SUBSTATION (ID,CODE,NAME,REMARKS,M_ORG_ID) values ('364','6509','T,RENGANATHAPURAM 33KV','TANGEDCO OWN SS','442');
Insert into M_SUBSTATION (ID,CODE,NAME,REMARKS,M_ORG_ID) values ('365','6644','T.ALAI 33/11 KV SS ','TANGEDCO OWN SS','442');
Insert into M_SUBSTATION (ID,CODE,NAME,REMARKS,M_ORG_ID) values ('366','6512','T.MURUNGAPATTY 33KV','TANGEDCO OWN SS','442');
Insert into M_SUBSTATION (ID,CODE,NAME,REMARKS,M_ORG_ID) values ('367','200','THANGANAGAR 33 KV SS','TANGEDCO OWN SS','442');
Insert into M_SUBSTATION (ID,CODE,NAME,REMARKS,M_ORG_ID) values ('368','6504','THATHAIANGARPET 110KV','TANGEDCO OWN SS','442');
Insert into M_SUBSTATION (ID,CODE,NAME,REMARKS,M_ORG_ID) values ('369','6608','THENNUR 33 KV','TANGEDCO OWN SS','442');
Insert into M_SUBSTATION (ID,CODE,NAME,REMARKS,M_ORG_ID) values ('370','6648','THIRUVANAIKOVIL 110 KV SS ','TANGEDCO OWN SS','442');
Insert into M_SUBSTATION (ID,CODE,NAME,REMARKS,M_ORG_ID) values ('371','6606','THIRUVERAMBUR 110 KV','TANGEDCO OWN SS','442');
Insert into M_SUBSTATION (ID,CODE,NAME,REMARKS,M_ORG_ID) values ('372','6505','THOTTIYAM 110KV','TANGEDCO OWN SS','442');
Insert into M_SUBSTATION (ID,CODE,NAME,REMARKS,M_ORG_ID) values ('373','6508','THURAIYUR 110KV','TANGEDCO OWN SS','442');
Insert into M_SUBSTATION (ID,CODE,NAME,REMARKS,M_ORG_ID) values ('374','6605','THUVAKUDY 110 KV','TANGEDCO OWN SS','442');
Insert into M_SUBSTATION (ID,CODE,NAME,REMARKS,M_ORG_ID) values ('375','6612','THUVARANKURCHI 110 KVSS','TANGEDCO OWN SS','442');
Insert into M_SUBSTATION (ID,CODE,NAME,REMARKS,M_ORG_ID) values ('376','6602','TRICHY 110 KV','TANGEDCO OWN SS','442');
Insert into M_SUBSTATION (ID,CODE,NAME,REMARKS,M_ORG_ID) values ('377','442','Thuraiyur/Puthanampatty','TANGEDCO OWN SS','442');
Insert into M_SUBSTATION (ID,CODE,NAME,REMARKS,M_ORG_ID) values ('378','6625','VAIYAMPATTY 110KV','TANGEDCO OWN SS','442');
Insert into M_SUBSTATION (ID,CODE,NAME,REMARKS,M_ORG_ID) values ('379','6638','VALADY 110 KVSS','TANGEDCO OWN SS','442');
Insert into M_SUBSTATION (ID,CODE,NAME,REMARKS,M_ORG_ID) values ('380','6646','VARAGANERI 33/11 KV SS ','TANGEDCO OWN SS','442');
Insert into M_SUBSTATION (ID,CODE,NAME,REMARKS,M_ORG_ID) values ('381','6614','VENGAIMANDALAM 33 KV','TANGEDCO OWN SS','442');
Insert into M_SUBSTATION (ID,CODE,NAME,REMARKS,M_ORG_ID) values ('382','6104','ANDICHETTIPALAYAM 110 KV','TANGEDCO OWN SS','443');
Insert into M_SUBSTATION (ID,CODE,NAME,REMARKS,M_ORG_ID) values ('383','6107','AYYERMALAI 110 KV','TANGEDCO OWN SS','443');
Insert into M_SUBSTATION (ID,CODE,NAME,REMARKS,M_ORG_ID) values ('384','6109','CHINTHAMANIPATTY 33 KV','TANGEDCO OWN SS','443');
Insert into M_SUBSTATION (ID,CODE,NAME,REMARKS,M_ORG_ID) values ('385','6113','KARUR 110 KV','TANGEDCO OWN SS','443');
Insert into M_SUBSTATION (ID,CODE,NAME,REMARKS,M_ORG_ID) values ('386','443','KARUR/KANIYALAMPATTY','TANGEDCO OWN SS','443');
Insert into M_SUBSTATION (ID,CODE,NAME,REMARKS,M_ORG_ID) values ('387','6105','KAVALKARANPATTY 110 KV','TANGEDCO OWN SS','443');
Insert into M_SUBSTATION (ID,CODE,NAME,REMARKS,M_ORG_ID) values ('388','6103','MALAIKOVILUR 110 KV','TANGEDCO OWN SS','443');
Insert into M_SUBSTATION (ID,CODE,NAME,REMARKS,M_ORG_ID) values ('389','6112','MANMANGALAM 110 KV','TANGEDCO OWN SS','443');
Insert into M_SUBSTATION (ID,CODE,NAME,REMARKS,M_ORG_ID) values ('390','6110','MAYANOOR 33 KV','TANGEDCO OWN SS','443');
Insert into M_SUBSTATION (ID,CODE,NAME,REMARKS,M_ORG_ID) values ('391','6117','NACHALUR 33 KV','TANGEDCO OWN SS','443');
Insert into M_SUBSTATION (ID,CODE,NAME,REMARKS,M_ORG_ID) values ('392','20','O&M/KARUR/OTHAKADAI33/11KVSS','TANGEDCO OWN SS','443');
Insert into M_SUBSTATION (ID,CODE,NAME,REMARKS,M_ORG_ID) values ('393','6108','PALAVIDUTHY 33 KV','TANGEDCO OWN SS','443');
Insert into M_SUBSTATION (ID,CODE,NAME,REMARKS,M_ORG_ID) values ('394','6102','PALLAPATTY 110 KV','TANGEDCO OWN SS','443');
Insert into M_SUBSTATION (ID,CODE,NAME,REMARKS,M_ORG_ID) values ('395','6116','PANCHAPATTY 110/11 KV','TANGEDCO OWN SS','443');
Insert into M_SUBSTATION (ID,CODE,NAME,REMARKS,M_ORG_ID) values ('396','6101','PUGALUR 110 KV','TANGEDCO OWN SS','443');
Insert into M_SUBSTATION (ID,CODE,NAME,REMARKS,M_ORG_ID) values ('397','6111','PULIYUR 110 KV','TANGEDCO OWN SS','443');
Insert into M_SUBSTATION (ID,CODE,NAME,REMARKS,M_ORG_ID) values ('398','100','Pettavaithalai 33 KV','TANGEDCO OWN SS','443');
Insert into M_SUBSTATION (ID,CODE,NAME,REMARKS,M_ORG_ID) values ('399','21','RURAL/  THALAPATTY','TANGEDCO OWN SS','443');
Insert into M_SUBSTATION (ID,CODE,NAME,REMARKS,M_ORG_ID) values ('400','443','RURAL/RAJAPURAM','TANGEDCO OWN SS','443');
Insert into M_SUBSTATION (ID,CODE,NAME,REMARKS,M_ORG_ID) values ('401','6115','THANTHONIMALAI 110 KV','TANGEDCO OWN SS','443');
Insert into M_SUBSTATION (ID,CODE,NAME,REMARKS,M_ORG_ID) values ('402','6106','THOGAMALAI 33 KV','TANGEDCO OWN SS','443');
Insert into M_SUBSTATION (ID,CODE,NAME,REMARKS,M_ORG_ID) values ('403','4431','URBAN/BALAMALPURAM','TANGEDCO OWN SS','443');
Insert into M_SUBSTATION (ID,CODE,NAME,REMARKS,M_ORG_ID) values ('404','6118','VALLAM 33 KV (UM)','TANGEDCO OWN SS','443');
Insert into M_SUBSTATION (ID,CODE,NAME,REMARKS,M_ORG_ID) values ('405','6114','VELLIYANAI 110 KV','TANGEDCO OWN SS','443');
Insert into M_SUBSTATION (ID,CODE,NAME,REMARKS,M_ORG_ID) values ('406','6119','VEPPAMPALAYAM 110 KV','TANGEDCO OWN SS','443');
Insert into M_SUBSTATION (ID,CODE,NAME,REMARKS,M_ORG_ID) values ('407','100',' POONDI 110/11KV','TANGEDCO OWN SS','444');
Insert into M_SUBSTATION (ID,CODE,NAME,REMARKS,M_ORG_ID) values ('408','200',' V.KOLLAIKADU  33/11KV','TANGEDCO OWN SS','444');
Insert into M_SUBSTATION (ID,CODE,NAME,REMARKS,M_ORG_ID) values ('409','6407','110/33-11kv peravurani ss','TANGEDCO OWN SS','444');
Insert into M_SUBSTATION (ID,CODE,NAME,REMARKS,M_ORG_ID) values ('410','6401','110/66-33-11kv thanjavur grid ss','TANGEDCO OWN SS','444');
Insert into M_SUBSTATION (ID,CODE,NAME,REMARKS,M_ORG_ID) values ('411','6452','33 KV KURUVIKARAMBAI','TANGEDCO OWN SS','444');
Insert into M_SUBSTATION (ID,CODE,NAME,REMARKS,M_ORG_ID) values ('412','6420','ADHIRAMAPATTINAM 33 KV','TANGEDCO OWN SS','444');
Insert into M_SUBSTATION (ID,CODE,NAME,REMARKS,M_ORG_ID) values ('413','6413','ADUTHURAI 110 KV','TANGEDCO OWN SS','444');
Insert into M_SUBSTATION (ID,CODE,NAME,REMARKS,M_ORG_ID) values ('414','6405','AYYAMPETTAI 110 KV','TANGEDCO OWN SS','444');
Insert into M_SUBSTATION (ID,CODE,NAME,REMARKS,M_ORG_ID) values ('415','6405','AYYAMPETTAI 66 KV','TANGEDCO OWN SS','444');
Insert into M_SUBSTATION (ID,CODE,NAME,REMARKS,M_ORG_ID) values ('416','6429','DHARASURAM 33 KV','TANGEDCO OWN SS','444');
Insert into M_SUBSTATION (ID,CODE,NAME,REMARKS,M_ORG_ID) values ('417','6417','EACHANKOTTAI 110  KV','TANGEDCO OWN SS','444');
Insert into M_SUBSTATION (ID,CODE,NAME,REMARKS,M_ORG_ID) values ('418','6428','KALAMPATTY 33 KV','TANGEDCO OWN SS','444');
Insert into M_SUBSTATION (ID,CODE,NAME,REMARKS,M_ORG_ID) values ('419','6425','KARANTHAI 33 KV','TANGEDCO OWN SS','444');
Insert into M_SUBSTATION (ID,CODE,NAME,REMARKS,M_ORG_ID) values ('420','6436','KARUKKADIPATTI 33 KV (UM)','TANGEDCO OWN SS','444');
Insert into M_SUBSTATION (ID,CODE,NAME,REMARKS,M_ORG_ID) values ('421','6402','KUMBAKONAM 110 KV','TANGEDCO OWN SS','444');
Insert into M_SUBSTATION (ID,CODE,NAME,REMARKS,M_ORG_ID) values ('422','6409','KUMBAKONAM 33 KV','TANGEDCO OWN SS','444');
Insert into M_SUBSTATION (ID,CODE,NAME,REMARKS,M_ORG_ID) values ('423','6451','KUMBAKONAM URBAN 110 KV','TANGEDCO OWN SS','444');
Insert into M_SUBSTATION (ID,CODE,NAME,REMARKS,M_ORG_ID) values ('424','6408','MADUKKUR 110 KV','TANGEDCO OWN SS','444');
Insert into M_SUBSTATION (ID,CODE,NAME,REMARKS,M_ORG_ID) values ('425','6446','MANIMANDABAM 110 KV SS TJR','TANGEDCO OWN SS','444');
Insert into M_SUBSTATION (ID,CODE,NAME,REMARKS,M_ORG_ID) values ('426','6416','MARIAMMAN KOIL 66 KV','TANGEDCO OWN SS','444');
Insert into M_SUBSTATION (ID,CODE,NAME,REMARKS,M_ORG_ID) values ('427','6416','MARIAMMANKOIL 110KV','TANGEDCO OWN SS','444');
Insert into M_SUBSTATION (ID,CODE,NAME,REMARKS,M_ORG_ID) values ('428','6422','NADIYUM 33 KV','TANGEDCO OWN SS','444');
Insert into M_SUBSTATION (ID,CODE,NAME,REMARKS,M_ORG_ID) values ('429','6415','OKKANADU KEELAIYUR 110 KV','TANGEDCO OWN SS','444');
Insert into M_SUBSTATION (ID,CODE,NAME,REMARKS,M_ORG_ID) values ('430','6406','ORATHANADU 110 KV','TANGEDCO OWN SS','444');
Insert into M_SUBSTATION (ID,CODE,NAME,REMARKS,M_ORG_ID) values ('431','6419','OTTANGADU 33 KV','TANGEDCO OWN SS','444');
Insert into M_SUBSTATION (ID,CODE,NAME,REMARKS,M_ORG_ID) values ('432','6421','PAPANASAM 33 KV','TANGEDCO OWN SS','444');
Insert into M_SUBSTATION (ID,CODE,NAME,REMARKS,M_ORG_ID) values ('433','6418','PAPPANADU 33 KV','TANGEDCO OWN SS','444');
Insert into M_SUBSTATION (ID,CODE,NAME,REMARKS,M_ORG_ID) values ('434','6403','PATTUKOTTAI 110 KV','TANGEDCO OWN SS','444');
Insert into M_SUBSTATION (ID,CODE,NAME,REMARKS,M_ORG_ID) values ('435','6454','PATTUKOTTAI URBAN 110 KV','TANGEDCO OWN SS','444');
Insert into M_SUBSTATION (ID,CODE,NAME,REMARKS,M_ORG_ID) values ('436','6407','PERAVURANI 110 KV','TANGEDCO OWN SS','444');
Insert into M_SUBSTATION (ID,CODE,NAME,REMARKS,M_ORG_ID) values ('437','6441','PERUMAGALUR 33 KV (UM)','TANGEDCO OWN SS','444');
Insert into M_SUBSTATION (ID,CODE,NAME,REMARKS,M_ORG_ID) values ('438','6435','PINNAIYUR 33 KV (UM)','TANGEDCO OWN SS','444');
Insert into M_SUBSTATION (ID,CODE,NAME,REMARKS,M_ORG_ID) values ('439','6434','RAGHAVAMBALPURAM 33 KV','TANGEDCO OWN SS','444');
Insert into M_SUBSTATION (ID,CODE,NAME,REMARKS,M_ORG_ID) values ('440','6427','SENGIPATTY 33 KV','TANGEDCO OWN SS','444');
Insert into M_SUBSTATION (ID,CODE,NAME,REMARKS,M_ORG_ID) values ('441','6453','SETHUBAVACHATHIRAM','TANGEDCO OWN SS','444');
Insert into M_SUBSTATION (ID,CODE,NAME,REMARKS,M_ORG_ID) values ('442','6440','TAMARANKOTTAI 33 KV (UM)','TANGEDCO OWN SS','444');
Insert into M_SUBSTATION (ID,CODE,NAME,REMARKS,M_ORG_ID) values ('443','6401','THANJAVUR 110 KV','TANGEDCO OWN SS','444');
Insert into M_SUBSTATION (ID,CODE,NAME,REMARKS,M_ORG_ID) values ('444','6412','THANJAVUR II 110 KV','TANGEDCO OWN SS','444');
Insert into M_SUBSTATION (ID,CODE,NAME,REMARKS,M_ORG_ID) values ('445','6430','THIRUCHITRAMBALAM 33 KV','TANGEDCO OWN SS','444');
Insert into M_SUBSTATION (ID,CODE,NAME,REMARKS,M_ORG_ID) values ('446','6411','THIRUKANNURPATTY 33 KV','TANGEDCO OWN SS','444');
Insert into M_SUBSTATION (ID,CODE,NAME,REMARKS,M_ORG_ID) values ('447','6411','THIRUKKARURPATTY 110KV','TANGEDCO OWN SS','444');
Insert into M_SUBSTATION (ID,CODE,NAME,REMARKS,M_ORG_ID) values ('448','6445','THIRUKKATTUPALLI 110/22 KV','TANGEDCO OWN SS','444');
Insert into M_SUBSTATION (ID,CODE,NAME,REMARKS,M_ORG_ID) values ('501','7301','THIRUPATHUR/THIRUPATHUR UM','TANGEDCO OWN SS','413');
Insert into M_SUBSTATION (ID,CODE,NAME,REMARKS,M_ORG_ID) values ('502','7324','THIRUPATTUR 33/11 KV SS','TANGEDCO OWN SS','413');
Insert into M_SUBSTATION (ID,CODE,NAME,REMARKS,M_ORG_ID) values ('503','7301','Tirupattur','TANGEDCO OWN SS','413');
Insert into M_SUBSTATION (ID,CODE,NAME,REMARKS,M_ORG_ID) values ('504','7302','Tirupattur/Koratty','TANGEDCO OWN SS','413');
Insert into M_SUBSTATION (ID,CODE,NAME,REMARKS,M_ORG_ID) values ('505','7309','VADAKATHIPATTY 33 KV','TANGEDCO OWN SS','413');
Insert into M_SUBSTATION (ID,CODE,NAME,REMARKS,M_ORG_ID) values ('506','7320','VADAPUDUPET 33 KV','TANGEDCO OWN SS','413');
Insert into M_SUBSTATION (ID,CODE,NAME,REMARKS,M_ORG_ID) values ('507','7307','VANIYAMBADI 110 KV','TANGEDCO OWN SS','413');
Insert into M_SUBSTATION (ID,CODE,NAME,REMARKS,M_ORG_ID) values ('508','7308','VINNAMANGALAM 110 KV','TANGEDCO OWN SS','413');
Insert into M_SUBSTATION (ID,CODE,NAME,REMARKS,M_ORG_ID) values ('509','8245','ABDULLAHPURAM(LT) 33 KV','TANGEDCO OWN SS','414');
Insert into M_SUBSTATION (ID,CODE,NAME,REMARKS,M_ORG_ID) values ('510','8212','ADHAMANGALAM 33 KV','TANGEDCO OWN SS','414');
Insert into M_SUBSTATION (ID,CODE,NAME,REMARKS,M_ORG_ID) values ('511','8242','ANAIBOGI (UM) 33 KV','TANGEDCO OWN SS','414');
Insert into M_SUBSTATION (ID,CODE,NAME,REMARKS,M_ORG_ID) values ('512','8237','ANANDAPURAM (UM) 33 KV','TANGEDCO OWN SS','414');
Insert into M_SUBSTATION (ID,CODE,NAME,REMARKS,M_ORG_ID) values ('513','8206','ARNI 110 KV','TANGEDCO OWN SS','414');
Insert into M_SUBSTATION (ID,CODE,NAME,REMARKS,M_ORG_ID) values ('514','8224','Brammadesam ','TANGEDCO OWN SS','414');
Insert into M_SUBSTATION (ID,CODE,NAME,REMARKS,M_ORG_ID) values ('515','8209','CHENGAM 110 KV','TANGEDCO OWN SS','414');
Insert into M_SUBSTATION (ID,CODE,NAME,REMARKS,M_ORG_ID) values ('516','8218','CHETPET 110 KV','TANGEDCO OWN SS','414');
Insert into M_SUBSTATION (ID,CODE,NAME,REMARKS,M_ORG_ID) values ('517','8219','DEVIKAPURAM 33 KV','TANGEDCO OWN SS','414');
Insert into M_SUBSTATION (ID,CODE,NAME,REMARKS,M_ORG_ID) values ('518','8260','EDAPALAYAM 33 KV UM SS','TANGEDCO OWN SS','414');
Insert into M_SUBSTATION (ID,CODE,NAME,REMARKS,M_ORG_ID) values ('519','8238','JAMUNAMARATHUR (UM) 33 KV','TANGEDCO OWN SS','414');
Insert into M_SUBSTATION (ID,CODE,NAME,REMARKS,M_ORG_ID) values ('520','8262','KALAMBUR 33 KV SS','TANGEDCO OWN SS','414');
Insert into M_SUBSTATION (ID,CODE,NAME,REMARKS,M_ORG_ID) values ('521','8210','KANJI 110 KV','TANGEDCO OWN SS','414');
Insert into M_SUBSTATION (ID,CODE,NAME,REMARKS,M_ORG_ID) values ('522','8233','KILKODUNGALORE 33 KV','TANGEDCO OWN SS','414');
Insert into M_SUBSTATION (ID,CODE,NAME,REMARKS,M_ORG_ID) values ('523','8228','KILPENNATHUR 33 KV','TANGEDCO OWN SS','414');
Insert into M_SUBSTATION (ID,CODE,NAME,REMARKS,M_ORG_ID) values ('524','8220','KOLAPALORE 33 KV','TANGEDCO OWN SS','414');
Insert into M_SUBSTATION (ID,CODE,NAME,REMARKS,M_ORG_ID) values ('525','8204','KOTAIYUR 33 KV','TANGEDCO OWN SS','414');
Insert into M_SUBSTATION (ID,CODE,NAME,REMARKS,M_ORG_ID) values ('526','8249','KUNNATHUR(SEVOOR) 33 KV','TANGEDCO OWN SS','414');
Insert into M_SUBSTATION (ID,CODE,NAME,REMARKS,M_ORG_ID) values ('527','8202','MADURAI 33 KV','TANGEDCO OWN SS','414');
Insert into M_SUBSTATION (ID,CODE,NAME,REMARKS,M_ORG_ID) values ('528','8259','MALAYANUR CHEKKADI','TANGEDCO OWN SS','414');
Insert into M_SUBSTATION (ID,CODE,NAME,REMARKS,M_ORG_ID) values ('529','8246','MALLAVADY(LT) 33 KV','TANGEDCO OWN SS','414');
Insert into M_SUBSTATION (ID,CODE,NAME,REMARKS,M_ORG_ID) values ('530','8257','MANGAL SIPCOT 110 KV','TANGEDCO OWN SS','414');
Insert into M_SUBSTATION (ID,CODE,NAME,REMARKS,M_ORG_ID) values ('531','8216','MANGALAM 110 KV','TANGEDCO OWN SS','414');
Insert into M_SUBSTATION (ID,CODE,NAME,REMARKS,M_ORG_ID) values ('532','8226','MANSURABATH 33 KV','TANGEDCO OWN SS','414');
Insert into M_SUBSTATION (ID,CODE,NAME,REMARKS,M_ORG_ID) values ('533','8225','MAZHAIYUR 110 KV','TANGEDCO OWN SS','414');
Insert into M_SUBSTATION (ID,CODE,NAME,REMARKS,M_ORG_ID) values ('534','8251','MELRAVANTHAVADY 33 KV','TANGEDCO OWN SS','414');
Insert into M_SUBSTATION (ID,CODE,NAME,REMARKS,M_ORG_ID) values ('535','8213','NAIDUMANGALAM 33 KV','TANGEDCO OWN SS','414');
Insert into M_SUBSTATION (ID,CODE,NAME,REMARKS,M_ORG_ID) values ('536','8254','NALLUR 33 KV (UM)','TANGEDCO OWN SS','414');
Insert into M_SUBSTATION (ID,CODE,NAME,REMARKS,M_ORG_ID) values ('537','8263','PAIYUR 33 KV SS','TANGEDCO OWN SS','414');
Insert into M_SUBSTATION (ID,CODE,NAME,REMARKS,M_ORG_ID) values ('538','8252','PARAMANANDAL 33 KV','TANGEDCO OWN SS','414');
Insert into M_SUBSTATION (ID,CODE,NAME,REMARKS,M_ORG_ID) values ('539','8208','PERANAMALLUR 33 KV','TANGEDCO OWN SS','414');
Insert into M_SUBSTATION (ID,CODE,NAME,REMARKS,M_ORG_ID) values ('540','8241','PERUNGULATHUR (UM) 33 KV','TANGEDCO OWN SS','414');
Insert into M_SUBSTATION (ID,CODE,NAME,REMARKS,M_ORG_ID) values ('541','8243','PICK UP DAM (LT) 33 KV','TANGEDCO OWN SS','414');
Insert into M_SUBSTATION (ID,CODE,NAME,REMARKS,M_ORG_ID) values ('542','8203','POLUR 110 KV','TANGEDCO OWN SS','414');
Insert into M_SUBSTATION (ID,CODE,NAME,REMARKS,M_ORG_ID) values ('543','8250','PUDUPALAYAM 33 KV','TANGEDCO OWN SS','414');
Insert into M_SUBSTATION (ID,CODE,NAME,REMARKS,M_ORG_ID) values ('544','8239','PURISAI (UM) 33 KV','TANGEDCO OWN SS','414');
Insert into M_SUBSTATION (ID,CODE,NAME,REMARKS,M_ORG_ID) values ('545','200','RAJANTHANTHANGAL 110 KV SS','TANGEDCO OWN SS','414');
Insert into M_SUBSTATION (ID,CODE,NAME,REMARKS,M_ORG_ID) values ('546','8256','Rajanthangal SS','TANGEDCO OWN SS','414');
Insert into M_SUBSTATION (ID,CODE,NAME,REMARKS,M_ORG_ID) values ('547','100','SAMUDIRAM 110 KV SS','TANGEDCO OWN SS','414');
Insert into M_SUBSTATION (ID,CODE,NAME,REMARKS,M_ORG_ID) values ('548','8205','SANTHAVASAL 110 KV','TANGEDCO OWN SS','414');
Insert into M_SUBSTATION (ID,CODE,NAME,REMARKS,M_ORG_ID) values ('549','8244','SATHANUR DAM(LT) 33 KV','TANGEDCO OWN SS','414');
Insert into M_SUBSTATION (ID,CODE,NAME,REMARKS,M_ORG_ID) values ('550','8261','SATHANUR UM SS','TANGEDCO OWN SS','414');
Insert into M_SUBSTATION (ID,CODE,NAME,REMARKS,M_ORG_ID) values ('551','8248','SEEYAMANGALAM(DESUR)33 KV','TANGEDCO OWN SS','414');
Insert into M_SUBSTATION (ID,CODE,NAME,REMARKS,M_ORG_ID) values ('552','8261','SIRUKALAMBADI 33 KV SS','TANGEDCO OWN SS','414');
Insert into M_SUBSTATION (ID,CODE,NAME,REMARKS,M_ORG_ID) values ('553','8221','SIRUNGATTUR 110 KV','TANGEDCO OWN SS','414');
Insert into M_SUBSTATION (ID,CODE,NAME,REMARKS,M_ORG_ID) values ('554','8240','SOMASIPADI (UM) 33 KV','TANGEDCO OWN SS','414');
Insert into M_SUBSTATION (ID,CODE,NAME,REMARKS,M_ORG_ID) values ('555','8253','SU.VALAVETTY 33 KV (UM)','TANGEDCO OWN SS','414');
Insert into M_SUBSTATION (ID,CODE,NAME,REMARKS,M_ORG_ID) values ('556','8201','THANDARAMPETTU 110 KV','TANGEDCO OWN SS','414');
Insert into M_SUBSTATION (ID,CODE,NAME,REMARKS,M_ORG_ID) values ('557','8232','THANIPADY 33 KV','TANGEDCO OWN SS','414');
Insert into M_SUBSTATION (ID,CODE,NAME,REMARKS,M_ORG_ID) values ('558','8227','THATCHEMPET 33 KV','TANGEDCO OWN SS','414');
Insert into M_SUBSTATION (ID,CODE,NAME,REMARKS,M_ORG_ID) values ('559','8229','THELLAR 33 KV','TANGEDCO OWN SS','414');
Insert into M_SUBSTATION (ID,CODE,NAME,REMARKS,M_ORG_ID) values ('560','8235','THIRUMANI 33 KV','TANGEDCO OWN SS','414');
Insert into M_SUBSTATION (ID,CODE,NAME,REMARKS,M_ORG_ID) values ('561','8215','THIRUVANNAMALAI 110 KV','TANGEDCO OWN SS','414');
Insert into M_SUBSTATION (ID,CODE,NAME,REMARKS,M_ORG_ID) values ('562','8222','THIRUVATHIPURAM 33 KV','TANGEDCO OWN SS','414');
Insert into M_SUBSTATION (ID,CODE,NAME,REMARKS,M_ORG_ID) values ('563','8236','TIRUVANNAMALAI (UM) 33 KV','TANGEDCO OWN SS','414');
Insert into M_SUBSTATION (ID,CODE,NAME,REMARKS,M_ORG_ID) values ('564','8211','VADHAMATHIMANGALAM 33 KV','TANGEDCO OWN SS','414');
Insert into M_SUBSTATION (ID,CODE,NAME,REMARKS,M_ORG_ID) values ('565','300','VAKKADAI 33 KV SS','TANGEDCO OWN SS','414');
Insert into M_SUBSTATION (ID,CODE,NAME,REMARKS,M_ORG_ID) values ('566','8230','VANDAVASI 110 KV','TANGEDCO OWN SS','414');
Insert into M_SUBSTATION (ID,CODE,NAME,REMARKS,M_ORG_ID) values ('567','8231','VEMBAKKAM 110 KV','TANGEDCO OWN SS','414');
Insert into M_SUBSTATION (ID,CODE,NAME,REMARKS,M_ORG_ID) values ('568','8217','VETTAVALAM 110 KV','TANGEDCO OWN SS','414');
Insert into M_SUBSTATION (ID,CODE,NAME,REMARKS,M_ORG_ID) values ('569','8207','VETTIYANTHOUVAM 33 KV','TANGEDCO OWN SS','414');
Insert into M_SUBSTATION (ID,CODE,NAME,REMARKS,M_ORG_ID) values ('570','8234','VILVARANI 33 KV','TANGEDCO OWN SS','414');
Insert into M_SUBSTATION (ID,CODE,NAME,REMARKS,M_ORG_ID) values ('571','8214','VINNAVANUR 110 KV','TANGEDCO OWN SS','414');
Insert into M_SUBSTATION (ID,CODE,NAME,REMARKS,M_ORG_ID) values ('572','8221','cheyyar/sirugattur','TANGEDCO OWN SS','414');
Insert into M_SUBSTATION (ID,CODE,NAME,REMARKS,M_ORG_ID) values ('573','8267','polur/mandakolathur','TANGEDCO OWN SS','414');
Insert into M_SUBSTATION (ID,CODE,NAME,REMARKS,M_ORG_ID) values ('574','8206','west','TANGEDCO OWN SS','414');
Insert into M_SUBSTATION (ID,CODE,NAME,REMARKS,M_ORG_ID) values ('575','500','ANUMANDHAI 33 KV (UM)','TANGEDCO OWN SS','416');
Insert into M_SUBSTATION (ID,CODE,NAME,REMARKS,M_ORG_ID) values ('576','8312','AVALURPET 33 KV','TANGEDCO OWN SS','416');
Insert into M_SUBSTATION (ID,CODE,NAME,REMARKS,M_ORG_ID) values ('577','600','AVANIPOOR 33 KV (UM)','TANGEDCO OWN SS','416');
Insert into M_SUBSTATION (ID,CODE,NAME,REMARKS,M_ORG_ID) values ('578','8343','BRAMMADESAM 33 KV','TANGEDCO OWN SS','416');
Insert into M_SUBSTATION (ID,CODE,NAME,REMARKS,M_ORG_ID) values ('579','8308','CHENDUR 110 KV','TANGEDCO OWN SS','416');
Insert into M_SUBSTATION (ID,CODE,NAME,REMARKS,M_ORG_ID) values ('580','8329','DEVANUR 33 KV','TANGEDCO OWN SS','416');
Insert into M_SUBSTATION (ID,CODE,NAME,REMARKS,M_ORG_ID) values ('581','8328','EACHUR 33 KV','TANGEDCO OWN SS','416');
Insert into M_SUBSTATION (ID,CODE,NAME,REMARKS,M_ORG_ID) values ('582','8310','ELAMANGALAM 33 KV','TANGEDCO OWN SS','416');
Insert into M_SUBSTATION (ID,CODE,NAME,REMARKS,M_ORG_ID) values ('583','8347','ENDIYUR 33 KV','TANGEDCO OWN SS','416');
Insert into M_SUBSTATION (ID,CODE,NAME,REMARKS,M_ORG_ID) values ('584','8311','GINGEE 110 KV','TANGEDCO OWN SS','416');
Insert into M_SUBSTATION (ID,CODE,NAME,REMARKS,M_ORG_ID) values ('585','8304','KANDAMANGALAM 110 KV','TANGEDCO OWN SS','416');
Insert into M_SUBSTATION (ID,CODE,NAME,REMARKS,M_ORG_ID) values ('586','8302','KANJANUR 110 KV','TANGEDCO OWN SS','416');
Insert into M_SUBSTATION (ID,CODE,NAME,REMARKS,M_ORG_ID) values ('587','300','KEELPAPPAMPADI 33 KV (UM)','TANGEDCO OWN SS','416');
Insert into M_SUBSTATION (ID,CODE,NAME,REMARKS,M_ORG_ID) values ('588','8334','KILIYANUR 33 KV','TANGEDCO OWN SS','416');
Insert into M_SUBSTATION (ID,CODE,NAME,REMARKS,M_ORG_ID) values ('589','8303','MADURAPAKKAM 110 KV','TANGEDCO OWN SS','416');
Insert into M_SUBSTATION (ID,CODE,NAME,REMARKS,M_ORG_ID) values ('590','8336','MARAKKANAM 33 KV','TANGEDCO OWN SS','416');
Insert into M_SUBSTATION (ID,CODE,NAME,REMARKS,M_ORG_ID) values ('591','8339','MARUR 33 KV','TANGEDCO OWN SS','416');
Insert into M_SUBSTATION (ID,CODE,NAME,REMARKS,M_ORG_ID) values ('592','0','MURUKKERY110KV','TANGEDCO OWN SS','416');
Insert into M_SUBSTATION (ID,CODE,NAME,REMARKS,M_ORG_ID) values ('593','2102','ANNA PARK 33 KV','TANGEDCO OWN SS','404');
Insert into M_SUBSTATION (ID,CODE,NAME,REMARKS,M_ORG_ID) values ('594','100','DEVAMBEDU 33/11 KV','TANGEDCO OWN SS','404');
Insert into M_SUBSTATION (ID,CODE,NAME,REMARKS,M_ORG_ID) values ('595','2124','DURAINALLUR 110 KV','TANGEDCO OWN SS','404');
Insert into M_SUBSTATION (ID,CODE,NAME,REMARKS,M_ORG_ID) values ('596','2120','ENNORE 110 KV','TANGEDCO OWN SS','404');
Insert into M_SUBSTATION (ID,CODE,NAME,REMARKS,M_ORG_ID) values ('597','2112','GUMMIDIPOONDI 33 KV','TANGEDCO OWN SS','404');
Insert into M_SUBSTATION (ID,CODE,NAME,REMARKS,M_ORG_ID) values ('598','404','GUMMIDIPOONDI SIPCOT IV 110 KVSS','TANGEDCO OWN SS','404');
Insert into M_SUBSTATION (ID,CODE,NAME,REMARKS,M_ORG_ID) values ('599','2122','GUMMIDIPOONDI SIPCOT-I ','TANGEDCO OWN SS','404');
Insert into M_SUBSTATION (ID,CODE,NAME,REMARKS,M_ORG_ID) values ('600','2123','GUMMIDIPOONDI SIPCOT-II','TANGEDCO OWN SS','404');
Insert into M_SUBSTATION (ID,CODE,NAME,REMARKS,M_ORG_ID) values ('601','2106','ICF 33 KV','TANGEDCO OWN SS','404');
Insert into M_SUBSTATION (ID,CODE,NAME,REMARKS,M_ORG_ID) values ('602','2130','INDIAPISTON 33 KV','TANGEDCO OWN SS','404');
Insert into M_SUBSTATION (ID,CODE,NAME,REMARKS,M_ORG_ID) values ('603','2115','IRULIPET 33 KV','TANGEDCO OWN SS','404');
Insert into M_SUBSTATION (ID,CODE,NAME,REMARKS,M_ORG_ID) values ('604','2129','KALADIPET 33 KV','TANGEDCO OWN SS','404');
Insert into M_SUBSTATION (ID,CODE,NAME,REMARKS,M_ORG_ID) values ('605','404','KAVARAPETTAI 33 KV SS','TANGEDCO OWN SS','404');
Insert into M_SUBSTATION (ID,CODE,NAME,REMARKS,M_ORG_ID) values ('606','2104','KODUNGAIYUR 33 KV','TANGEDCO OWN SS','404');
Insert into M_SUBSTATION (ID,CODE,NAME,REMARKS,M_ORG_ID) values ('607','200','LINE TAP 33/11 KV','TANGEDCO OWN SS','404');
Insert into M_SUBSTATION (ID,CODE,NAME,REMARKS,M_ORG_ID) values ('608','2133','MADARAPAKKAM 33 KV','TANGEDCO OWN SS','404');
Insert into M_SUBSTATION (ID,CODE,NAME,REMARKS,M_ORG_ID) values ('609','2139','MANALI 230 KV','TANGEDCO OWN SS','404');
Insert into M_SUBSTATION (ID,CODE,NAME,REMARKS,M_ORG_ID) values ('610','2118','MATHUR 110 KV','TANGEDCO OWN SS','404');
Insert into M_SUBSTATION (ID,CODE,NAME,REMARKS,M_ORG_ID) values ('611','404','MBTT 33 KV SS','TANGEDCO OWN SS','404');
Insert into M_SUBSTATION (ID,CODE,NAME,REMARKS,M_ORG_ID) values ('612','2128','MEDUR 33 KV','TANGEDCO OWN SS','404');
Insert into M_SUBSTATION (ID,CODE,NAME,REMARKS,M_ORG_ID) values ('613','2111','MELUR 110 KV','TANGEDCO OWN SS','404');
Insert into M_SUBSTATION (ID,CODE,NAME,REMARKS,M_ORG_ID) values ('614','300','NAPALAYAM 33/11 KV','TANGEDCO OWN SS','404');
Insert into M_SUBSTATION (ID,CODE,NAME,REMARKS,M_ORG_ID) values ('615','2114','OHP 33 KV','TANGEDCO OWN SS','404');
Insert into M_SUBSTATION (ID,CODE,NAME,REMARKS,M_ORG_ID) values ('616','2121','PANJETTY 110 KV','TANGEDCO OWN SS','404');
Insert into M_SUBSTATION (ID,CODE,NAME,REMARKS,M_ORG_ID) values ('617','2134','PAPER MILLS ROAD 33 KV','TANGEDCO OWN SS','404');
Insert into M_SUBSTATION (ID,CODE,NAME,REMARKS,M_ORG_ID) values ('618','2105','PERIYAR NAGAR 33 KV','TANGEDCO OWN SS','404');
Insert into M_SUBSTATION (ID,CODE,NAME,REMARKS,M_ORG_ID) values ('619','2113','PONNERI 33 KV','TANGEDCO OWN SS','404');
Insert into M_SUBSTATION (ID,CODE,NAME,REMARKS,M_ORG_ID) values ('620','404','R.K.NAGAR 110 KV SS','TANGEDCO OWN SS','404');
Insert into M_SUBSTATION (ID,CODE,NAME,REMARKS,M_ORG_ID) values ('621','404','R.V.STEEL 33 KV SS','TANGEDCO OWN SS','404');
Insert into M_SUBSTATION (ID,CODE,NAME,REMARKS,M_ORG_ID) values ('622','2117','SEMBIUM 110 KV','TANGEDCO OWN SS','404');
Insert into M_SUBSTATION (ID,CODE,NAME,REMARKS,M_ORG_ID) values ('623','2138','SIDCO NAGAR 33 KV','TANGEDCO OWN SS','404');
Insert into M_SUBSTATION (ID,CODE,NAME,REMARKS,M_ORG_ID) values ('624','400','SIPCOT SS III 110/33-11KV','TANGEDCO OWN SS','404');
Insert into M_SUBSTATION (ID,CODE,NAME,REMARKS,M_ORG_ID) values ('625','2107','STANLEY 33 KV','TANGEDCO OWN SS','404');
Insert into M_SUBSTATION (ID,CODE,NAME,REMARKS,M_ORG_ID) values ('626','2108','TH ROAD 33 KV','TANGEDCO OWN SS','404');
Insert into M_SUBSTATION (ID,CODE,NAME,REMARKS,M_ORG_ID) values ('627','2131','THIRUVALLAVOIL 33 KV','TANGEDCO OWN SS','404');
Insert into M_SUBSTATION (ID,CODE,NAME,REMARKS,M_ORG_ID) values ('628','2110','THIRUVOTTIYUR 33 KV','TANGEDCO OWN SS','404');
Insert into M_SUBSTATION (ID,CODE,NAME,REMARKS,M_ORG_ID) values ('629','2101','TOLLGATE 33/11 KV','TANGEDCO OWN SS','404');
Insert into M_SUBSTATION (ID,CODE,NAME,REMARKS,M_ORG_ID) values ('630','500','TONDAIRPET 230 KV SS','TANGEDCO OWN SS','404');
Insert into M_SUBSTATION (ID,CODE,NAME,REMARKS,M_ORG_ID) values ('631','2109','TONDIARPET 33 KV','TANGEDCO OWN SS','404');
Insert into M_SUBSTATION (ID,CODE,NAME,REMARKS,M_ORG_ID) values ('632','2116','VYASARPADI 110 KV','TANGEDCO OWN SS','404');
Insert into M_SUBSTATION (ID,CODE,NAME,REMARKS,M_ORG_ID) values ('633','2103','VYP.IND.ESTATE 33 KV','TANGEDCO OWN SS','404');
Insert into M_SUBSTATION (ID,CODE,NAME,REMARKS,M_ORG_ID) values ('634','32','110/33/11 KV KORATTUR SS','TANGEDCO OWN SS','406');
Insert into M_SUBSTATION (ID,CODE,NAME,REMARKS,M_ORG_ID) values ('635','30','33/11 KV LOYOLLA COLLEGE SS','TANGEDCO OWN SS','406');
Insert into M_SUBSTATION (ID,CODE,NAME,REMARKS,M_ORG_ID) values ('636','31','33/11 KV MUGAPPAIR EAST SS','TANGEDCO OWN SS','406');
Insert into M_SUBSTATION (ID,CODE,NAME,REMARKS,M_ORG_ID) values ('637','300','ABT III RD MAIN ROAD 110/33/11 KV S','TANGEDCO OWN SS','406');
Insert into M_SUBSTATION (ID,CODE,NAME,REMARKS,M_ORG_ID) values ('732','3406','SALAIGRAMAM 110 KV','TANGEDCO OWN SS','460');
Insert into M_SUBSTATION (ID,CODE,NAME,REMARKS,M_ORG_ID) values ('733','3412','SINGAMPUNARI 66 KV','TANGEDCO OWN SS','460');
Insert into M_SUBSTATION (ID,CODE,NAME,REMARKS,M_ORG_ID) values ('734','460','SIVAAGANGAI','TANGEDCO OWN SS','460');
Insert into M_SUBSTATION (ID,CODE,NAME,REMARKS,M_ORG_ID) values ('735','3401','SIVAGANGAI 110 KV','TANGEDCO OWN SS','460');
Insert into M_SUBSTATION (ID,CODE,NAME,REMARKS,M_ORG_ID) values ('736','460','SVGA','TANGEDCO OWN SS','460');
Insert into M_SUBSTATION (ID,CODE,NAME,REMARKS,M_ORG_ID) values ('737','3409','THIRUPATHUR 110 KV','TANGEDCO OWN SS','460');
Insert into M_SUBSTATION (ID,CODE,NAME,REMARKS,M_ORG_ID) values ('738','5220','ALANGULAM 110 KV','TANGEDCO OWN SS','462');
Insert into M_SUBSTATION (ID,CODE,NAME,REMARKS,M_ORG_ID) values ('739','5201','ARUPPUKOTTAI 110 KV','TANGEDCO OWN SS','462');
Insert into M_SUBSTATION (ID,CODE,NAME,REMARKS,M_ORG_ID) values ('740','5203','AVIYOOR 110/33-11 KV SS','TANGEDCO OWN SS','462');
Insert into M_SUBSTATION (ID,CODE,NAME,REMARKS,M_ORG_ID) values ('741','5231','ERICHANATHAM 110 KV','TANGEDCO OWN SS','462');
Insert into M_SUBSTATION (ID,CODE,NAME,REMARKS,M_ORG_ID) values ('742','5211','G.N.PATTY 33 KV','TANGEDCO OWN SS','462');
Insert into M_SUBSTATION (ID,CODE,NAME,REMARKS,M_ORG_ID) values ('743','5204','KARIAPATTY 33 KV','TANGEDCO OWN SS','462');
Insert into M_SUBSTATION (ID,CODE,NAME,REMARKS,M_ORG_ID) values ('744','5210','MALLANKINAR 33 KV','TANGEDCO OWN SS','462');
Insert into M_SUBSTATION (ID,CODE,NAME,REMARKS,M_ORG_ID) values ('745','5227','MALLIPUDUR 33 KV','TANGEDCO OWN SS','462');
Insert into M_SUBSTATION (ID,CODE,NAME,REMARKS,M_ORG_ID) values ('746','5222','MUDANGIAR 110 KV','TANGEDCO OWN SS','462');
Insert into M_SUBSTATION (ID,CODE,NAME,REMARKS,M_ORG_ID) values ('747','5244','Muthuramalingapuram ','TANGEDCO OWN SS','462');
Insert into M_SUBSTATION (ID,CODE,NAME,REMARKS,M_ORG_ID) values ('748','5215','N.SUBBIAHPURAM 110 KV','TANGEDCO OWN SS','462');
Insert into M_SUBSTATION (ID,CODE,NAME,REMARKS,M_ORG_ID) values ('749','5205','NARIKUDI 33 KV','TANGEDCO OWN SS','462');
Insert into M_SUBSTATION (ID,CODE,NAME,REMARKS,M_ORG_ID) values ('750','102','NENMENI 33/11KV','TANGEDCO OWN SS','462');
Insert into M_SUBSTATION (ID,CODE,NAME,REMARKS,M_ORG_ID) values ('751','5226','PADIKKASUVAITHANPATTI 110','TANGEDCO OWN SS','462');
Insert into M_SUBSTATION (ID,CODE,NAME,REMARKS,M_ORG_ID) values ('752','5233','PALAYAMPATTY 33 KV','TANGEDCO OWN SS','462');
Insert into M_SUBSTATION (ID,CODE,NAME,REMARKS,M_ORG_ID) values ('753','5206','PANDALGUDI 33 KV','TANGEDCO OWN SS','462');
Insert into M_SUBSTATION (ID,CODE,NAME,REMARKS,M_ORG_ID) values ('754','5213','PARAIPATTY 110 KV','TANGEDCO OWN SS','462');
Insert into M_SUBSTATION (ID,CODE,NAME,REMARKS,M_ORG_ID) values ('755','5207','PARALACHI 33 KV','TANGEDCO OWN SS','462');
Insert into M_SUBSTATION (ID,CODE,NAME,REMARKS,M_ORG_ID) values ('756','5212','PERIAVALLIKULAM 33 KV','TANGEDCO OWN SS','462');
Insert into M_SUBSTATION (ID,CODE,NAME,REMARKS,M_ORG_ID) values ('757','101','PULVAIKARAI 33/11KV','TANGEDCO OWN SS','462');
Insert into M_SUBSTATION (ID,CODE,NAME,REMARKS,M_ORG_ID) values ('758','5246','Periyapuliampatty','TANGEDCO OWN SS','462');
Insert into M_SUBSTATION (ID,CODE,NAME,REMARKS,M_ORG_ID) values ('759','5230','R.REDDIPATTI 110 KV','TANGEDCO OWN SS','462');
Insert into M_SUBSTATION (ID,CODE,NAME,REMARKS,M_ORG_ID) values ('760','5219','RAJAPALAYAM 110 KV','TANGEDCO OWN SS','462');
Insert into M_SUBSTATION (ID,CODE,NAME,REMARKS,M_ORG_ID) values ('761','72','RAJAPALAYAM/NALLAMANAICENPATTY','TANGEDCO OWN SS','462');
Insert into M_SUBSTATION (ID,CODE,NAME,REMARKS,M_ORG_ID) values ('762','100','RAJAPALAYAM/NALLAMANAICENPATTY','TANGEDCO OWN SS','462');
Insert into M_SUBSTATION (ID,CODE,NAME,REMARKS,M_ORG_ID) values ('763','5214','SATTUR 110 KV','TANGEDCO OWN SS','462');
Insert into M_SUBSTATION (ID,CODE,NAME,REMARKS,M_ORG_ID) values ('764','5221','SEITHUR 110 KV','TANGEDCO OWN SS','462');
Insert into M_SUBSTATION (ID,CODE,NAME,REMARKS,M_ORG_ID) values ('765','100','SEVALPATTY 33/11 KV SS','TANGEDCO OWN SS','462');
Insert into M_SUBSTATION (ID,CODE,NAME,REMARKS,M_ORG_ID) values ('766','5228','SIVAKASI 33 KV','TANGEDCO OWN SS','462');
Insert into M_SUBSTATION (ID,CODE,NAME,REMARKS,M_ORG_ID) values ('767','5216','SIVAKASI TOWN 33 KV','TANGEDCO OWN SS','462');
Insert into M_SUBSTATION (ID,CODE,NAME,REMARKS,M_ORG_ID) values ('768','104','SOOLAKARAI 110 kV','TANGEDCO OWN SS','462');
Insert into M_SUBSTATION (ID,CODE,NAME,REMARKS,M_ORG_ID) values ('769','5224','SRIVILLIPUTHUR 110 KV','TANGEDCO OWN SS','462');
Insert into M_SUBSTATION (ID,CODE,NAME,REMARKS,M_ORG_ID) values ('770','103','SUKKIRAVARPATTY','TANGEDCO OWN SS','462');
Insert into M_SUBSTATION (ID,CODE,NAME,REMARKS,M_ORG_ID) values ('771','5202','TAMILPADI 110 KV','TANGEDCO OWN SS','462');
Insert into M_SUBSTATION (ID,CODE,NAME,REMARKS,M_ORG_ID) values ('772','5218','THIRUTHANGAL 110 KV','TANGEDCO OWN SS','462');
Insert into M_SUBSTATION (ID,CODE,NAME,REMARKS,M_ORG_ID) values ('773','5234','THOTTIAPATTY 110/11 KV','TANGEDCO OWN SS','462');
Insert into M_SUBSTATION (ID,CODE,NAME,REMARKS,M_ORG_ID) values ('774','5209','THULUKKAPATTY 110 KV','TANGEDCO OWN SS','462');
Insert into M_SUBSTATION (ID,CODE,NAME,REMARKS,M_ORG_ID) values ('775','5223','VALAYAPATTI 110 KV','TANGEDCO OWN SS','462');
Insert into M_SUBSTATION (ID,CODE,NAME,REMARKS,M_ORG_ID) values ('776','5217','VEMBAKOTTAI 33 KV','TANGEDCO OWN SS','462');
Insert into M_SUBSTATION (ID,CODE,NAME,REMARKS,M_ORG_ID) values ('777','5208','VIRUDHUNAGAR 110 KV','TANGEDCO OWN SS','462');
Insert into M_SUBSTATION (ID,CODE,NAME,REMARKS,M_ORG_ID) values ('778','5249','Vembakkottai 110/ 33 KV','TANGEDCO OWN SS','462');
Insert into M_SUBSTATION (ID,CODE,NAME,REMARKS,M_ORG_ID) values ('779','5225','WATRAP 110 KV','TANGEDCO OWN SS','462');
Insert into M_SUBSTATION (ID,CODE,NAME,REMARKS,M_ORG_ID) values ('780','3313','33/11KV MEENASHIAMMAN KOIL SS','TANGEDCO OWN SS','463');
Insert into M_SUBSTATION (ID,CODE,NAME,REMARKS,M_ORG_ID) values ('781','3308','ACHAMPATHU 110 KV','TANGEDCO OWN SS','463');
Insert into M_SUBSTATION (ID,CODE,NAME,REMARKS,M_ORG_ID) values ('782','3307','ANAIYUR 110 KV','TANGEDCO OWN SS','463');
Insert into M_SUBSTATION (ID,CODE,NAME,REMARKS,M_ORG_ID) values ('783','3304','ANNA BUS STAND 33 KV','TANGEDCO OWN SS','463');
Insert into M_SUBSTATION (ID,CODE,NAME,REMARKS,M_ORG_ID) values ('784','3309','ANUPPANADI 110 KV','TANGEDCO OWN SS','463');
Insert into M_SUBSTATION (ID,CODE,NAME,REMARKS,M_ORG_ID) values ('785','3306','ARAPALAYAM 33 KV','TANGEDCO OWN SS','463');
Insert into M_SUBSTATION (ID,CODE,NAME,REMARKS,M_ORG_ID) values ('786','3310','ARASARADI 110 KV','TANGEDCO OWN SS','463');
Insert into M_SUBSTATION (ID,CODE,NAME,REMARKS,M_ORG_ID) values ('787','16','AVANIYAPURAM 110/11KV','TANGEDCO OWN SS','463');
Insert into M_SUBSTATION (ID,CODE,NAME,REMARKS,M_ORG_ID) values ('788','3312','ELLISNAGAR 110/11KV','TANGEDCO OWN SS','463');
Insert into M_SUBSTATION (ID,CODE,NAME,REMARKS,M_ORG_ID) values ('789','3312','Ellisnagar','TANGEDCO OWN SS','463');
Insert into M_SUBSTATION (ID,CODE,NAME,REMARKS,M_ORG_ID) values ('790','3320','ILANTHAIKULAM IT PRAK SS','TANGEDCO OWN SS','463');
Insert into M_SUBSTATION (ID,CODE,NAME,REMARKS,M_ORG_ID) values ('791','19','INDUSTRIAL ESTATE 110/33/11KV','TANGEDCO OWN SS','463');
Insert into M_SUBSTATION (ID,CODE,NAME,REMARKS,M_ORG_ID) values ('792','6726','K.PUDUR S.S.','TANGEDCO OWN SS','463');
Insert into M_SUBSTATION (ID,CODE,NAME,REMARKS,M_ORG_ID) values ('793','3303','MAHALIPATTY 33 KV','TANGEDCO OWN SS','463');
Insert into M_SUBSTATION (ID,CODE,NAME,REMARKS,M_ORG_ID) values ('794','18','MG NAGAR','TANGEDCO OWN SS','463');
Insert into M_SUBSTATION (ID,CODE,NAME,REMARKS,M_ORG_ID) values ('795','18','MG Nagar SS','TANGEDCO OWN SS','463');
Insert into M_SUBSTATION (ID,CODE,NAME,REMARKS,M_ORG_ID) values ('796','3312','Madurai Metro/Ellisnagar','TANGEDCO OWN SS','463');
Insert into M_SUBSTATION (ID,CODE,NAME,REMARKS,M_ORG_ID) values ('797','6002','PASUMALAI S S','TANGEDCO OWN SS','463');
Insert into M_SUBSTATION (ID,CODE,NAME,REMARKS,M_ORG_ID) values ('798','3302','SUBRAMANIYAPURAM 33 KV','TANGEDCO OWN SS','463');
Insert into M_SUBSTATION (ID,CODE,NAME,REMARKS,M_ORG_ID) values ('799','3305','THEPPAM 33 KV','TANGEDCO OWN SS','463');
Insert into M_SUBSTATION (ID,CODE,NAME,REMARKS,M_ORG_ID) values ('800','17','THIRUPPALAI 110/33/11KV','TANGEDCO OWN SS','463');
Insert into M_SUBSTATION (ID,CODE,NAME,REMARKS,M_ORG_ID) values ('801','3012','VALAYANKULAM SS','TANGEDCO OWN SS','463');
Insert into M_SUBSTATION (ID,CODE,NAME,REMARKS,M_ORG_ID) values ('802','18','VANDIYUR 110/11','TANGEDCO OWN SS','463');
Insert into M_SUBSTATION (ID,CODE,NAME,REMARKS,M_ORG_ID) values ('803','3311','Villapuram','TANGEDCO OWN SS','463');
Insert into M_SUBSTATION (ID,CODE,NAME,REMARKS,M_ORG_ID) values ('804','6278','230KV Auto SS','TANGEDCO OWN SS','470');
Insert into M_SUBSTATION (ID,CODE,NAME,REMARKS,M_ORG_ID) values ('805','5135','33KV Sakkammalpuram LTSS','TANGEDCO OWN SS','470');
Insert into M_SUBSTATION (ID,CODE,NAME,REMARKS,M_ORG_ID) values ('806','5107','ARUMUGANERI 110 KV','TANGEDCO OWN SS','470');
Insert into M_SUBSTATION (ID,CODE,NAME,REMARKS,M_ORG_ID) values ('807','5131','AYYANAPURAM 110 KV','TANGEDCO OWN SS','470');
Insert into M_SUBSTATION (ID,CODE,NAME,REMARKS,M_ORG_ID) values ('808','5126','CHETTIKURICHI 66 KV','TANGEDCO OWN SS','470');
Insert into M_SUBSTATION (ID,CODE,NAME,REMARKS,M_ORG_ID) values ('809','5136','Duraisamypuram','TANGEDCO OWN SS','470');
Insert into M_SUBSTATION (ID,CODE,NAME,REMARKS,M_ORG_ID) values ('810','5125','EDAISEVAL 66 KV','TANGEDCO OWN SS','470');
Insert into M_SUBSTATION (ID,CODE,NAME,REMARKS,M_ORG_ID) values ('811','5103','EPPODUMVENDRAN 110 KV','TANGEDCO OWN SS','470');
Insert into M_SUBSTATION (ID,CODE,NAME,REMARKS,M_ORG_ID) values ('812','5113','ETTAYAPURAM 33 KV','TANGEDCO OWN SS','470');
Insert into M_SUBSTATION (ID,CODE,NAME,REMARKS,M_ORG_ID) values ('813','5122','KADAMBUR 33 KV','TANGEDCO OWN SS','470');
Insert into M_SUBSTATION (ID,CODE,NAME,REMARKS,M_ORG_ID) values ('814','5111','KALUGUMALAI 66 KV','TANGEDCO OWN SS','470');
Insert into M_SUBSTATION (ID,CODE,NAME,REMARKS,M_ORG_ID) values ('815','5135','KAYALPATTINAM 33KV','TANGEDCO OWN SS','470');
Insert into M_SUBSTATION (ID,CODE,NAME,REMARKS,M_ORG_ID) values ('816','5104','KOVILPATTI 110 KV','TANGEDCO OWN SS','470');
Insert into M_SUBSTATION (ID,CODE,NAME,REMARKS,M_ORG_ID) values ('817','5121','KULATHUR 33 KV','TANGEDCO OWN SS','470');
Insert into M_SUBSTATION (ID,CODE,NAME,REMARKS,M_ORG_ID) values ('818','5129','KURUMBUR 33 KV (UM)','TANGEDCO OWN SS','470');
Insert into M_SUBSTATION (ID,CODE,NAME,REMARKS,M_ORG_ID) values ('819','5109','MANJANEERKAYAL 110 KV','TANGEDCO OWN SS','470');
Insert into M_SUBSTATION (ID,CODE,NAME,REMARKS,M_ORG_ID) values ('820','5120','NADUVAKURICHY 33 KV','TANGEDCO OWN SS','470');
Insert into M_SUBSTATION (ID,CODE,NAME,REMARKS,M_ORG_ID) values ('821','5117','NAGALAPURAM 33 KV','TANGEDCO OWN SS','470');
Insert into M_SUBSTATION (ID,CODE,NAME,REMARKS,M_ORG_ID) values ('822','5114','NAZARETH 33 KV','TANGEDCO OWN SS','470');
Insert into M_SUBSTATION (ID,CODE,NAME,REMARKS,M_ORG_ID) values ('823','5118','OTTANATHAM 33 KV','TANGEDCO OWN SS','470');
Insert into M_SUBSTATION (ID,CODE,NAME,REMARKS,M_ORG_ID) values ('824','5110','OTTAPIDARAM 66 KV','TANGEDCO OWN SS','470');
Insert into M_SUBSTATION (ID,CODE,NAME,REMARKS,M_ORG_ID) values ('825','5128','PALANIAPPAPURAM 33 KV ','TANGEDCO OWN SS','470');
Insert into M_SUBSTATION (ID,CODE,NAME,REMARKS,M_ORG_ID) values ('826','3523','PARTHIBANOOR 33 KV','TANGEDCO OWN SS','478');
Insert into M_SUBSTATION (ID,CODE,NAME,REMARKS,M_ORG_ID) values ('827','3526','PERUNALI 33 KV','TANGEDCO OWN SS','478');
Insert into M_SUBSTATION (ID,CODE,NAME,REMARKS,M_ORG_ID) values ('828','3525','PERUNKULAM 110 KV','TANGEDCO OWN SS','478');
Insert into M_SUBSTATION (ID,CODE,NAME,REMARKS,M_ORG_ID) values ('829','3520','R.S.MADAI 110 KV','TANGEDCO OWN SS','478');
Insert into M_SUBSTATION (ID,CODE,NAME,REMARKS,M_ORG_ID) values ('830','3510','R.S.MANGALAM 110 KV','TANGEDCO OWN SS','478');
Insert into M_SUBSTATION (ID,CODE,NAME,REMARKS,M_ORG_ID) values ('831','3514','RAMESWARAM 33 KV','TANGEDCO OWN SS','478');
Insert into M_SUBSTATION (ID,CODE,NAME,REMARKS,M_ORG_ID) values ('832','3508','RAMNAD 33 KV','TANGEDCO OWN SS','478');
Insert into M_SUBSTATION (ID,CODE,NAME,REMARKS,M_ORG_ID) values ('833','3524','REGUNATHAPURAM 33 KV','TANGEDCO OWN SS','478');
Insert into M_SUBSTATION (ID,CODE,NAME,REMARKS,M_ORG_ID) values ('834','3505','SAYALKUDI 33 KV','TANGEDCO OWN SS','478');
Insert into M_SUBSTATION (ID,CODE,NAME,REMARKS,M_ORG_ID) values ('835','3509','THIRUVADANAI 110 KV','TANGEDCO OWN SS','478');
Insert into M_SUBSTATION (ID,CODE,NAME,REMARKS,M_ORG_ID) values ('836','3511','THONDI 110 KV','TANGEDCO OWN SS','478');
Insert into M_SUBSTATION (ID,CODE,NAME,REMARKS,M_ORG_ID) values ('837','3503','VALINOKKAM 110 KV','TANGEDCO OWN SS','478');
Insert into M_SUBSTATION (ID,CODE,NAME,REMARKS,M_ORG_ID) values ('838','3507','kilakarai','TANGEDCO OWN SS','478');
Insert into M_SUBSTATION (ID,CODE,NAME,REMARKS,M_ORG_ID) values ('839','3501','paramakudi','TANGEDCO OWN SS','478');
Insert into M_SUBSTATION (ID,CODE,NAME,REMARKS,M_ORG_ID) values ('840','1408','ADIGARATTY 110 KV','TANGEDCO OWN SS','482');
Insert into M_SUBSTATION (ID,CODE,NAME,REMARKS,M_ORG_ID) values ('841','1409','ATHIPALLY 66 KV','TANGEDCO OWN SS','482');
Insert into M_SUBSTATION (ID,CODE,NAME,REMARKS,M_ORG_ID) values ('842','1410','CHERAMBADY 66 KV','TANGEDCO OWN SS','482');
Insert into M_SUBSTATION (ID,CODE,NAME,REMARKS,M_ORG_ID) values ('843','1404','JAGATHALA 110 KV','TANGEDCO OWN SS','482');
Insert into M_SUBSTATION (ID,CODE,NAME,REMARKS,M_ORG_ID) values ('844','1402','KATTABETTU 110 KV','TANGEDCO OWN SS','482');
Insert into M_SUBSTATION (ID,CODE,NAME,REMARKS,M_ORG_ID) values ('845','1403','KOTAGIRI 110 KV','TANGEDCO OWN SS','482');
Insert into M_SUBSTATION (ID,CODE,NAME,REMARKS,M_ORG_ID) values ('846','1401','KUNDAH 110 KV','TANGEDCO OWN SS','482');
Insert into M_SUBSTATION (ID,CODE,NAME,REMARKS,M_ORG_ID) values ('847','1407','OOTY 110 KV','TANGEDCO OWN SS','482');
Insert into M_SUBSTATION (ID,CODE,NAME,REMARKS,M_ORG_ID) values ('848','1405','SANDYNALLAH 110 KV','TANGEDCO OWN SS','482');
Insert into M_SUBSTATION (ID,CODE,NAME,REMARKS,M_ORG_ID) values ('849','1406','UPPATY 66 KV','TANGEDCO OWN SS','482');
Insert into M_SUBSTATION (ID,CODE,NAME,REMARKS,M_ORG_ID) values ('951','565','NAZARATHPETAI','TANGEDCO OWN SS','400');
Insert into M_SUBSTATION (ID,CODE,NAME,REMARKS,M_ORG_ID) values ('952','9219','PALLAVARAM 33 KV','TANGEDCO OWN SS','400');
Insert into M_SUBSTATION (ID,CODE,NAME,REMARKS,M_ORG_ID) values ('953','9223','PAMMAL 33 KV','TANGEDCO OWN SS','400');
Insert into M_SUBSTATION (ID,CODE,NAME,REMARKS,M_ORG_ID) values ('954','9217','PERUMBAKKAM 110 KV','TANGEDCO OWN SS','400');
Insert into M_SUBSTATION (ID,CODE,NAME,REMARKS,M_ORG_ID) values ('955','9218','PERUNGALATHUR 33 KV','TANGEDCO OWN SS','400');
Insert into M_SUBSTATION (ID,CODE,NAME,REMARKS,M_ORG_ID) values ('956','9204','PERUNGUDI 110/33/11KV','TANGEDCO OWN SS','400');
Insert into M_SUBSTATION (ID,CODE,NAME,REMARKS,M_ORG_ID) values ('957','9210','POONAMALLEE 33 KV','TANGEDCO OWN SS','400');
Insert into M_SUBSTATION (ID,CODE,NAME,REMARKS,M_ORG_ID) values ('958','9208','PORUR 110 KV','TANGEDCO OWN SS','400');
Insert into M_SUBSTATION (ID,CODE,NAME,REMARKS,M_ORG_ID) values ('959','15','PUTHUTHANGAL 110 /11 KV','TANGEDCO OWN SS','400');
Insert into M_SUBSTATION (ID,CODE,NAME,REMARKS,M_ORG_ID) values ('960','528','PUTHUTHANGAL 110 /11 KV','TANGEDCO OWN SS','400');
Insert into M_SUBSTATION (ID,CODE,NAME,REMARKS,M_ORG_ID) values ('961','9236','RADHANAGAR','TANGEDCO OWN SS','400');
Insert into M_SUBSTATION (ID,CODE,NAME,REMARKS,M_ORG_ID) values ('962','9231','RAJBHAVAN 33 KV','TANGEDCO OWN SS','400');
Insert into M_SUBSTATION (ID,CODE,NAME,REMARKS,M_ORG_ID) values ('963','9221','RAMAPURAM 110 KV','TANGEDCO OWN SS','400');
Insert into M_SUBSTATION (ID,CODE,NAME,REMARKS,M_ORG_ID) values ('964','9237','RAMASAMI SALAI 33/11 KV','TANGEDCO OWN SS','400');
Insert into M_SUBSTATION (ID,CODE,NAME,REMARKS,M_ORG_ID) values ('965','9252','Rajakeelpakkam 33 KV SS','TANGEDCO OWN SS','400');
Insert into M_SUBSTATION (ID,CODE,NAME,REMARKS,M_ORG_ID) values ('966','9242','SHOLINGANALLUR 110/33/11','TANGEDCO OWN SS','400');
Insert into M_SUBSTATION (ID,CODE,NAME,REMARKS,M_ORG_ID) values ('967','9241','SIRUSERI 110/11 KV','TANGEDCO OWN SS','400');
Insert into M_SUBSTATION (ID,CODE,NAME,REMARKS,M_ORG_ID) values ('968','8','SRMC 110/11 KV','TANGEDCO OWN SS','400');
Insert into M_SUBSTATION (ID,CODE,NAME,REMARKS,M_ORG_ID) values ('969','526','SRMC 110/11 KV','TANGEDCO OWN SS','400');
Insert into M_SUBSTATION (ID,CODE,NAME,REMARKS,M_ORG_ID) values ('970','9214','ST. THOMAS MOUNT 33 KV','TANGEDCO OWN SS','400');
Insert into M_SUBSTATION (ID,CODE,NAME,REMARKS,M_ORG_ID) values ('971','9246','T.G.Nagar 33 KV SS','TANGEDCO OWN SS','400');
Insert into M_SUBSTATION (ID,CODE,NAME,REMARKS,M_ORG_ID) values ('972','100','THARAMANI 230 KV SS','TANGEDCO OWN SS','400');
Insert into M_SUBSTATION (ID,CODE,NAME,REMARKS,M_ORG_ID) values ('973','9235','THARAMANI 33/11 KV','TANGEDCO OWN SS','400');
Insert into M_SUBSTATION (ID,CODE,NAME,REMARKS,M_ORG_ID) values ('974','9209','THIRUMUDIVAKKAM 110 KV','TANGEDCO OWN SS','400');
Insert into M_SUBSTATION (ID,CODE,NAME,REMARKS,M_ORG_ID) values ('975','9203','THIRUVANMIYR 33 KV','TANGEDCO OWN SS','400');
Insert into M_SUBSTATION (ID,CODE,NAME,REMARKS,M_ORG_ID) values ('976','9224','THORAIPAKKAM 33 KV','TANGEDCO OWN SS','400');
Insert into M_SUBSTATION (ID,CODE,NAME,REMARKS,M_ORG_ID) values ('977','9222','TIDEL PARK 110 KV','TANGEDCO OWN SS','400');
Insert into M_SUBSTATION (ID,CODE,NAME,REMARKS,M_ORG_ID) values ('978','9202','VELACHERY 110 KV','TANGEDCO OWN SS','400');
Insert into M_SUBSTATION (ID,CODE,NAME,REMARKS,M_ORG_ID) values ('979','9220','VIRUGAMBAKKAM 33/11 KV','TANGEDCO OWN SS','400');
Insert into M_SUBSTATION (ID,CODE,NAME,REMARKS,M_ORG_ID) values ('980','2211','ANNASALAI','TANGEDCO OWN SS','402');
Insert into M_SUBSTATION (ID,CODE,NAME,REMARKS,M_ORG_ID) values ('981','2213','B&C MILLS 33 KV','TANGEDCO OWN SS','402');
Insert into M_SUBSTATION (ID,CODE,NAME,REMARKS,M_ORG_ID) values ('982','2212','BELLS ROAD 33 KV','TANGEDCO OWN SS','402');
Insert into M_SUBSTATION (ID,CODE,NAME,REMARKS,M_ORG_ID) values ('983','2201','CHINDATRIPET 110 KV','TANGEDCO OWN SS','402');
Insert into M_SUBSTATION (ID,CODE,NAME,REMARKS,M_ORG_ID) values ('984','2239','COOKS ROAD 110 KV','TANGEDCO OWN SS','402');
Insert into M_SUBSTATION (ID,CODE,NAME,REMARKS,M_ORG_ID) values ('985','2224','DMS 33 KV','TANGEDCO OWN SS','402');
Insert into M_SUBSTATION (ID,CODE,NAME,REMARKS,M_ORG_ID) values ('986','2233','E G T 33 KV','TANGEDCO OWN SS','402');
Insert into M_SUBSTATION (ID,CODE,NAME,REMARKS,M_ORG_ID) values ('987','2223','EDC 33 KV','TANGEDCO OWN SS','402');
Insert into M_SUBSTATION (ID,CODE,NAME,REMARKS,M_ORG_ID) values ('988','2216','EGMORE 33 KV','TANGEDCO OWN SS','402');
Insert into M_SUBSTATION (ID,CODE,NAME,REMARKS,M_ORG_ID) values ('989','2209','FLOWER BAZAAR 33 KV','TANGEDCO OWN SS','402');
Insert into M_SUBSTATION (ID,CODE,NAME,REMARKS,M_ORG_ID) values ('990','2219','FORESHORE ESTATE 33 KV','TANGEDCO OWN SS','402');
Insert into M_SUBSTATION (ID,CODE,NAME,REMARKS,M_ORG_ID) values ('991','2208','GOVT. ESTATE 33 KV','TANGEDCO OWN SS','402');
Insert into M_SUBSTATION (ID,CODE,NAME,REMARKS,M_ORG_ID) values ('992','2202','HIGH COURT 110 KV','TANGEDCO OWN SS','402');
Insert into M_SUBSTATION (ID,CODE,NAME,REMARKS,M_ORG_ID) values ('993','2218','KILPAUK 33 KV','TANGEDCO OWN SS','402');
Insert into M_SUBSTATION (ID,CODE,NAME,REMARKS,M_ORG_ID) values ('994','2241','KILPAUK POLICE QUARTERS','TANGEDCO OWN SS','402');
Insert into M_SUBSTATION (ID,CODE,NAME,REMARKS,M_ORG_ID) values ('995','2274','LADY WELLINGTON SS','TANGEDCO OWN SS','402');
Insert into M_SUBSTATION (ID,CODE,NAME,REMARKS,M_ORG_ID) values ('996','2221','LUZ 33 KV','TANGEDCO OWN SS','402');
Insert into M_SUBSTATION (ID,CODE,NAME,REMARKS,M_ORG_ID) values ('997','2226','MAMBALAM 33 KV','TANGEDCO OWN SS','402');
Insert into M_SUBSTATION (ID,CODE,NAME,REMARKS,M_ORG_ID) values ('998','2230','MHU COMPOUND SS 33 KV','TANGEDCO OWN SS','402');
Insert into M_SUBSTATION (ID,CODE,NAME,REMARKS,M_ORG_ID) values ('999','2231','MRC NAGAR SS 33 KV','TANGEDCO OWN SS','402');
Insert into M_SUBSTATION (ID,CODE,NAME,REMARKS,M_ORG_ID) values ('1000','2220','MYLAPORE 110 KV','TANGEDCO OWN SS','402');
Insert into M_SUBSTATION (ID,CODE,NAME,REMARKS,M_ORG_ID) values ('1001','2206','NANDANAM 110 KV','TANGEDCO OWN SS','402');
Insert into M_SUBSTATION (ID,CODE,NAME,REMARKS,M_ORG_ID) values ('1002','2235','NEHRU INDOOR STADIUM 33KV','TANGEDCO OWN SS','402');
Insert into M_SUBSTATION (ID,CODE,NAME,REMARKS,M_ORG_ID) values ('1003','2228','NUNGAMBAKKAM 33 KV','TANGEDCO OWN SS','402');
Insert into M_SUBSTATION (ID,CODE,NAME,REMARKS,M_ORG_ID) values ('1004','2207','OCF 33 KV','TANGEDCO OWN SS','402');
Insert into M_SUBSTATION (ID,CODE,NAME,REMARKS,M_ORG_ID) values ('1005','2210','PORT TRUST 33 KV','TANGEDCO OWN SS','402');
Insert into M_SUBSTATION (ID,CODE,NAME,REMARKS,M_ORG_ID) values ('1006','2214','PULIANTHOPE 33 KV','TANGEDCO OWN SS','402');
Insert into M_SUBSTATION (ID,CODE,NAME,REMARKS,M_ORG_ID) values ('1007','2204','R.A.PURAM 110 KV','TANGEDCO OWN SS','402');
Insert into M_SUBSTATION (ID,CODE,NAME,REMARKS,M_ORG_ID) values ('1008','2222','ROYAPETTAH 33 KV','TANGEDCO OWN SS','402');
Insert into M_SUBSTATION (ID,CODE,NAME,REMARKS,M_ORG_ID) values ('1009','2237','RR COLONY SS 33 KV','TANGEDCO OWN SS','402');
Insert into M_SUBSTATION (ID,CODE,NAME,REMARKS,M_ORG_ID) values ('1010','2227','SAIDAPET 33 KV','TANGEDCO OWN SS','402');
Insert into M_SUBSTATION (ID,CODE,NAME,REMARKS,M_ORG_ID) values ('1011','2229','SARDARJUNG GARDEN SS 33KV','TANGEDCO OWN SS','402');
Insert into M_SUBSTATION (ID,CODE,NAME,REMARKS,M_ORG_ID) values ('1012','2203','SEVEN WELLS 110 KV','TANGEDCO OWN SS','402');
Insert into M_SUBSTATION (ID,CODE,NAME,REMARKS,M_ORG_ID) values ('1013','2236','SPENCER PLAZA SS 33 KV','TANGEDCO OWN SS','402');
Insert into M_SUBSTATION (ID,CODE,NAME,REMARKS,M_ORG_ID) values ('1014','2215','SPUR TANK ROAD  33 KV','TANGEDCO OWN SS','402');
Insert into M_SUBSTATION (ID,CODE,NAME,REMARKS,M_ORG_ID) values ('1015','2238','USMAN ROAD SS 33 KV','TANGEDCO OWN SS','402');
Insert into M_SUBSTATION (ID,CODE,NAME,REMARKS,M_ORG_ID) values ('1016','2205','VALUVAR KOTTAM 110 KV','TANGEDCO OWN SS','402');
Insert into M_SUBSTATION (ID,CODE,NAME,REMARKS,M_ORG_ID) values ('1017','2242','Visalatchi Thottam','TANGEDCO OWN SS','402');
Insert into M_SUBSTATION (ID,CODE,NAME,REMARKS,M_ORG_ID) values ('1018','2217','W.G.T. 33 KV','TANGEDCO OWN SS','402');
Insert into M_SUBSTATION (ID,CODE,NAME,REMARKS,M_ORG_ID) values ('1019','2225','WEST MAMBALAM 33 KV','TANGEDCO OWN SS','402');
Insert into M_SUBSTATION (ID,CODE,NAME,REMARKS,M_ORG_ID) values ('1020','7209','RAMANJERI 33 KV','TANGEDCO OWN SS','410');
Insert into M_SUBSTATION (ID,CODE,NAME,REMARKS,M_ORG_ID) values ('1021','7240','South kanchipuram/Ilayanarvellore','TANGEDCO OWN SS','410');
Insert into M_SUBSTATION (ID,CODE,NAME,REMARKS,M_ORG_ID) values ('1022','7211','THIRUVELLORE 110 KV','TANGEDCO OWN SS','410');
Insert into M_SUBSTATION (ID,CODE,NAME,REMARKS,M_ORG_ID) values ('1023','7203','TIRUTTANI 110 KV','TANGEDCO OWN SS','410');
Insert into M_SUBSTATION (ID,CODE,NAME,REMARKS,M_ORG_ID) values ('1024','72037','TIRUVALLUR','TANGEDCO OWN SS','410');
Insert into M_SUBSTATION (ID,CODE,NAME,REMARKS,M_ORG_ID) values ('1025','7212','UTHUKKOTTAI 33 KV','TANGEDCO OWN SS','410');
Insert into M_SUBSTATION (ID,CODE,NAME,REMARKS,M_ORG_ID) values ('1026','7227','VEDIYANGADU PUDUR 33 KV','TANGEDCO OWN SS','410');
Insert into M_SUBSTATION (ID,CODE,NAME,REMARKS,M_ORG_ID) values ('1027','7242','VELIYUR 33 KV UM SS','TANGEDCO OWN SS','410');
Insert into M_SUBSTATION (ID,CODE,NAME,REMARKS,M_ORG_ID) values ('1028','7225','VILLAKKANAMPUDI PUDUR ','TANGEDCO OWN SS','410');
Insert into M_SUBSTATION (ID,CODE,NAME,REMARKS,M_ORG_ID) values ('1029','7215','WALAJABAD 33 KV','TANGEDCO OWN SS','410');
Insert into M_SUBSTATION (ID,CODE,NAME,REMARKS,M_ORG_ID) values ('1030','2',' 230 KV S.P.KOIL SS','TANGEDCO OWN SS','411');
Insert into M_SUBSTATION (ID,CODE,NAME,REMARKS,M_ORG_ID) values ('1031','5',' 230KV ACHARAPAKKAM SS','TANGEDCO OWN SS','411');
Insert into M_SUBSTATION (ID,CODE,NAME,REMARKS,M_ORG_ID) values ('1032','6',' 230KV MAMBAKKAM SS','TANGEDCO OWN SS','411');
Insert into M_SUBSTATION (ID,CODE,NAME,REMARKS,M_ORG_ID) values ('1033','4',' 230KV ORAGADAM SS','TANGEDCO OWN SS','411');
Insert into M_SUBSTATION (ID,CODE,NAME,REMARKS,M_ORG_ID) values ('1034','200',' KUNNAVAKKAM 33/11 KV SS  ','TANGEDCO OWN SS','411');
Insert into M_SUBSTATION (ID,CODE,NAME,REMARKS,M_ORG_ID) values ('1035','100',' THINNANUR 110/11 KV SS (107A)','TANGEDCO OWN SS','411');
Insert into M_SUBSTATION (ID,CODE,NAME,REMARKS,M_ORG_ID) values ('1036','300',' VENGAMBAKKAM 33/11 KV SS ','TANGEDCO OWN SS','411');
Insert into M_SUBSTATION (ID,CODE,NAME,REMARKS,M_ORG_ID) values ('1037','9168','110/11 KV New ','TANGEDCO OWN SS','411');
Insert into M_SUBSTATION (ID,CODE,NAME,REMARKS,M_ORG_ID) values ('1038','3','230 KV VEERAPURAM SS','TANGEDCO OWN SS','411');
Insert into M_SUBSTATION (ID,CODE,NAME,REMARKS,M_ORG_ID) values ('1039','7','230KV NOKIA SS','TANGEDCO OWN SS','411');
Insert into M_SUBSTATION (ID,CODE,NAME,REMARKS,M_ORG_ID) values ('1040','9103','ACHARAPAKKAM 110 KV','TANGEDCO OWN SS','411');
Insert into M_SUBSTATION (ID,CODE,NAME,REMARKS,M_ORG_ID) values ('1041','91161','ADAYALACHERY 33/11 KV.','TANGEDCO OWN SS','411');
Insert into M_SUBSTATION (ID,CODE,NAME,REMARKS,M_ORG_ID) values ('1042','9110','ALATHUR 110 KV','TANGEDCO OWN SS','411');
Insert into M_SUBSTATION (ID,CODE,NAME,REMARKS,M_ORG_ID) values ('1043','65','ALLISON TRANSMISSION HTSC 779','TANGEDCO OWN SS','411');
Insert into M_SUBSTATION (ID,CODE,NAME,REMARKS,M_ORG_ID) values ('1044','64','APOLLO TYRES HTSC 774','TANGEDCO OWN SS','411');
Insert into M_SUBSTATION (ID,CODE,NAME,REMARKS,M_ORG_ID) values ('1045','53','ASHAI INDIA GLASS HTSC 424','TANGEDCO OWN SS','411');
Insert into M_SUBSTATION (ID,CODE,NAME,REMARKS,M_ORG_ID) values ('1046','9166','Anjur 110/11 KV.','TANGEDCO OWN SS','411');
Insert into M_SUBSTATION (ID,CODE,NAME,REMARKS,M_ORG_ID) values ('1047','9164','Apricot 110/11KV.','TANGEDCO OWN SS','411');
Insert into M_SUBSTATION (ID,CODE,NAME,REMARKS,M_ORG_ID) values ('1048','61','BYD ELECTRONICS HTSC 753','TANGEDCO OWN SS','411');
Insert into M_SUBSTATION (ID,CODE,NAME,REMARKS,M_ORG_ID) values ('1049','9101','CHENGALPATTU 110 KV','TANGEDCO OWN SS','411');
Insert into M_SUBSTATION (ID,CODE,NAME,REMARKS,M_ORG_ID) values ('1050','9133','CHEYYUR 110 KV','TANGEDCO OWN SS','411');
Insert into M_SUBSTATION (ID,CODE,NAME,REMARKS,M_ORG_ID) values ('1051','9131','Chengalpattu Unmanned 33KV','TANGEDCO OWN SS','411');
Insert into M_SUBSTATION (ID,CODE,NAME,REMARKS,M_ORG_ID) values ('1052','9131','Chengalpattu Unmanned SS','TANGEDCO OWN SS','411');
Insert into M_SUBSTATION (ID,CODE,NAME,REMARKS,M_ORG_ID) values ('1053','50','DIVISIONAL MANAGER RAILWAY HTSC 18','TANGEDCO OWN SS','411');
Insert into M_SUBSTATION (ID,CODE,NAME,REMARKS,M_ORG_ID) values ('1054','21','Daimalar 866','TANGEDCO OWN SS','411');
Insert into M_SUBSTATION (ID,CODE,NAME,REMARKS,M_ORG_ID) values ('1055','1056','Danfoss','TANGEDCO OWN SS','411');
Insert into M_SUBSTATION (ID,CODE,NAME,REMARKS,M_ORG_ID) values ('1056','9154','EHT services','TANGEDCO OWN SS','411');
Insert into M_SUBSTATION (ID,CODE,NAME,REMARKS,M_ORG_ID) values ('1057','60','FLEXTRONICS HTSC 515','TANGEDCO OWN SS','411');
Insert into M_SUBSTATION (ID,CODE,NAME,REMARKS,M_ORG_ID) values ('1058','52','FORD INDIA HTSC 280','TANGEDCO OWN SS','411');
Insert into M_SUBSTATION (ID,CODE,NAME,REMARKS,M_ORG_ID) values ('1059','20','Foxconn 655','TANGEDCO OWN SS','411');
Insert into M_SUBSTATION (ID,CODE,NAME,REMARKS,M_ORG_ID) values ('1060','9111','GUDUVANCHERY 33 KV','TANGEDCO OWN SS','411');
Insert into M_SUBSTATION (ID,CODE,NAME,REMARKS,M_ORG_ID) values ('1061','57','HINDUJA FOUNDRIES HTSC 573','TANGEDCO OWN SS','411');
Insert into M_SUBSTATION (ID,CODE,NAME,REMARKS,M_ORG_ID) values ('1062','51','HYUNDAI MOTORS HTSC 277','TANGEDCO OWN SS','411');
Insert into M_SUBSTATION (ID,CODE,NAME,REMARKS,M_ORG_ID) values ('1063','9138','ILLEEDU 33 KV','TANGEDCO OWN SS','411');
Insert into M_SUBSTATION (ID,CODE,NAME,REMARKS,M_ORG_ID) values ('1064','66','INFOSYS TECHNOLOGIES HTSC 447','TANGEDCO OWN SS','411');
Insert into M_SUBSTATION (ID,CODE,NAME,REMARKS,M_ORG_ID) values ('1065','9105','IRUNGATTUKOTTAI 110 KV','TANGEDCO OWN SS','411');
Insert into M_SUBSTATION (ID,CODE,NAME,REMARKS,M_ORG_ID) values ('1066','1','J K TYRE HTSC NO. 917','TANGEDCO OWN SS','411');
Insert into M_SUBSTATION (ID,CODE,NAME,REMARKS,M_ORG_ID) values ('1067','1','J K Tyre & Industries HT SC NO. 917','TANGEDCO OWN SS','411');
Insert into M_SUBSTATION (ID,CODE,NAME,REMARKS,M_ORG_ID) values ('1068','58','JET ASSOCIATES HTSC 738','TANGEDCO OWN SS','411');
Insert into M_SUBSTATION (ID,CODE,NAME,REMARKS,M_ORG_ID) values ('1069','9115','KADAMBATHUR 110 KV','TANGEDCO OWN SS','411');
Insert into M_SUBSTATION (ID,CODE,NAME,REMARKS,M_ORG_ID) values ('1070','9120','KADUGUPATTU 33 KV','TANGEDCO OWN SS','411');
Insert into M_SUBSTATION (ID,CODE,NAME,REMARKS,M_ORG_ID) values ('1071','9118','KILANUR 33 KV','TANGEDCO OWN SS','411');
Insert into M_SUBSTATION (ID,CODE,NAME,REMARKS,M_ORG_ID) values ('1072','9146','Kunnavakkam 33KV SS.','TANGEDCO OWN SS','411');
Insert into M_SUBSTATION (ID,CODE,NAME,REMARKS,M_ORG_ID) values ('1073','9119','MADURANTHAKAM 33 KV','TANGEDCO OWN SS','411');
Insert into M_SUBSTATION (ID,CODE,NAME,REMARKS,M_ORG_ID) values ('1074','9107','MARAIMALAI NAGAR 110 KV','TANGEDCO OWN SS','411');
Insert into M_SUBSTATION (ID,CODE,NAME,REMARKS,M_ORG_ID) values ('1075','9143','MM Nagar/Unamancherry','TANGEDCO OWN SS','411');
Insert into M_SUBSTATION (ID,CODE,NAME,REMARKS,M_ORG_ID) values ('1076','9102','MOOSIVAKKAM 110 KV','TANGEDCO OWN SS','411');
Insert into M_SUBSTATION (ID,CODE,NAME,REMARKS,M_ORG_ID) values ('1077','62','MOTOROLA MOBILITY HTSC 600','TANGEDCO OWN SS','411');
Insert into M_SUBSTATION (ID,CODE,NAME,REMARKS,M_ORG_ID) values ('1078','9108','Mambakkam 110KV SS','TANGEDCO OWN SS','411');
Insert into M_SUBSTATION (ID,CODE,NAME,REMARKS,M_ORG_ID) values ('1079','9108','Maraimalainagar/Mambakkam 110KV SS','TANGEDCO OWN SS','411');
Insert into M_SUBSTATION (ID,CODE,NAME,REMARKS,M_ORG_ID) values ('1080','9154','Maraimalainagar/Potheri.','TANGEDCO OWN SS','411');
Insert into M_SUBSTATION (ID,CODE,NAME,REMARKS,M_ORG_ID) values ('1081','9163','NELLIKUPPAM 110/11 KV.','TANGEDCO OWN SS','411');
Insert into M_SUBSTATION (ID,CODE,NAME,REMARKS,M_ORG_ID) values ('1082','9113','NERUMBUR 33 KV','TANGEDCO OWN SS','411');
Insert into M_SUBSTATION (ID,CODE,NAME,REMARKS,M_ORG_ID) values ('1083','54','NOKIA INDIA HTSC 476','TANGEDCO OWN SS','411');
Insert into M_SUBSTATION (ID,CODE,NAME,REMARKS,M_ORG_ID) values ('1084','9121','NUGUMBAL 33 KV','TANGEDCO OWN SS','411');
Insert into M_SUBSTATION (ID,CODE,NAME,REMARKS,M_ORG_ID) values ('1085','9122','ORATHY 33 KV','TANGEDCO OWN SS','411');
Insert into M_SUBSTATION (ID,CODE,NAME,REMARKS,M_ORG_ID) values ('1086','56','ORCHID CHEMICALS HTSC 562','TANGEDCO OWN SS','411');
Insert into M_SUBSTATION (ID,CODE,NAME,REMARKS,M_ORG_ID) values ('1087','9141','PADAPPAI 110 KV','TANGEDCO OWN SS','411');
Insert into M_SUBSTATION (ID,CODE,NAME,REMARKS,M_ORG_ID) values ('1088','9132','PALAYANUR UNMANNED 33 KV','TANGEDCO OWN SS','411');
Insert into M_SUBSTATION (ID,CODE,NAME,REMARKS,M_ORG_ID) values ('1089','9116','PERAMBAKKAM 110 KV','TANGEDCO OWN SS','411');
Insert into M_SUBSTATION (ID,CODE,NAME,REMARKS,M_ORG_ID) values ('1090','9130','POLAMBAKKAM 33 KV','TANGEDCO OWN SS','411');
Insert into M_SUBSTATION (ID,CODE,NAME,REMARKS,M_ORG_ID) values ('1091','9144','POONCHERRY','TANGEDCO OWN SS','411');
Insert into M_SUBSTATION (ID,CODE,NAME,REMARKS,M_ORG_ID) values ('1092','9154','Potheri','TANGEDCO OWN SS','411');
Insert into M_SUBSTATION (ID,CODE,NAME,REMARKS,M_ORG_ID) values ('1093','63','RENAULT NISSAN HTSC 759','TANGEDCO OWN SS','411');
Insert into M_SUBSTATION (ID,CODE,NAME,REMARKS,M_ORG_ID) values ('1094','9165','Ramapuram 33/11 KV.','TANGEDCO OWN SS','411');
Insert into M_SUBSTATION (ID,CODE,NAME,REMARKS,M_ORG_ID) values ('1095','18','Renault 759','TANGEDCO OWN SS','411');
Insert into M_SUBSTATION (ID,CODE,NAME,REMARKS,M_ORG_ID) values ('1096','22','S L Lumax 354','TANGEDCO OWN SS','411');
Insert into M_SUBSTATION (ID,CODE,NAME,REMARKS,M_ORG_ID) values ('1097','55','SAINT GOBAIN HTSC 499','TANGEDCO OWN SS','411');
Insert into M_SUBSTATION (ID,CODE,NAME,REMARKS,M_ORG_ID) values ('1098','9142','SALAVAKKAM 33 KV','TANGEDCO OWN SS','411');
Insert into M_SUBSTATION (ID,CODE,NAME,REMARKS,M_ORG_ID) values ('1099','9155','SPR/Mappedu 33/11KV SS.','TANGEDCO OWN SS','411');
Insert into M_SUBSTATION (ID,CODE,NAME,REMARKS,M_ORG_ID) values ('1100','9104','SRIPERUMBUDUR 110KV','TANGEDCO OWN SS','411');
Insert into M_SUBSTATION (ID,CODE,NAME,REMARKS,M_ORG_ID) values ('1101','7216','SUNGAVARCHATRAM 33 KV','TANGEDCO OWN SS','411');
Insert into M_SUBSTATION (ID,CODE,NAME,REMARKS,M_ORG_ID) values ('1102','9129','Sadras 33KV SS','TANGEDCO OWN SS','411');
Insert into M_SUBSTATION (ID,CODE,NAME,REMARKS,M_ORG_ID) values ('1103','23','Samsung 815..','TANGEDCO OWN SS','411');
Insert into M_SUBSTATION (ID,CODE,NAME,REMARKS,M_ORG_ID) values ('1104','9145','Sidco MM Nagar 33KV SS','TANGEDCO OWN SS','411');
Insert into M_SUBSTATION (ID,CODE,NAME,REMARKS,M_ORG_ID) values ('1105','9146','Sriperumbudur/Kunnavakkam 33KV SS','TANGEDCO OWN SS','411');
Insert into M_SUBSTATION (ID,CODE,NAME,REMARKS,M_ORG_ID) values ('1106','9155','Sriperumbudur/Mappedu  33KV SS','TANGEDCO OWN SS','411');
Insert into M_SUBSTATION (ID,CODE,NAME,REMARKS,M_ORG_ID) values ('1107','9155','Sriperumbudur/Mappedu  33KV SS.','TANGEDCO OWN SS','411');
Insert into M_SUBSTATION (ID,CODE,NAME,REMARKS,M_ORG_ID) values ('1108','59','TECHNICAL STAMPINGS HTSC 318','TANGEDCO OWN SS','411');
Insert into M_SUBSTATION (ID,CODE,NAME,REMARKS,M_ORG_ID) values ('1109','9114','THIRUKAZHUKUNDRAM 33 KV','TANGEDCO OWN SS','411');
Insert into M_SUBSTATION (ID,CODE,NAME,REMARKS,M_ORG_ID) values ('1110','9106','THIRUMAZHISAI 110 KV','TANGEDCO OWN SS','411');
Insert into M_SUBSTATION (ID,CODE,NAME,REMARKS,M_ORG_ID) values ('1111','9117','THIRUNINRAVUR 110/11 KV','TANGEDCO OWN SS','411');
Insert into M_SUBSTATION (ID,CODE,NAME,REMARKS,M_ORG_ID) values ('1112','9109','THIRUPORUR 110 KV','TANGEDCO OWN SS','411');
Insert into M_SUBSTATION (ID,CODE,NAME,REMARKS,M_ORG_ID) values ('1113','400','UNMANNED CHENGALPATTU 33KV SS','TANGEDCO OWN SS','411');
Insert into M_SUBSTATION (ID,CODE,NAME,REMARKS,M_ORG_ID) values ('1114','9167','VADAGUPAATTU 110/11 KV.','TANGEDCO OWN SS','411');
Insert into M_SUBSTATION (ID,CODE,NAME,REMARKS,M_ORG_ID) values ('1115','9140','VEERAPURAM 33 KV','TANGEDCO OWN SS','411');
Insert into M_SUBSTATION (ID,CODE,NAME,REMARKS,M_ORG_ID) values ('1116','9162','Vedhachala Nagar 33/11KV ','TANGEDCO OWN SS','411');
Insert into M_SUBSTATION (ID,CODE,NAME,REMARKS,M_ORG_ID) values ('1117','19','water works Nemmeli 960','TANGEDCO OWN SS','411');
Insert into M_SUBSTATION (ID,CODE,NAME,REMARKS,M_ORG_ID) values ('1118','7424',' SATHUVACHARI 110 KV','TANGEDCO OWN SS','412');
Insert into M_SUBSTATION (ID,CODE,NAME,REMARKS,M_ORG_ID) values ('1119','7421',' TAKKOLAM 110 KV','TANGEDCO OWN SS','412');
Insert into M_SUBSTATION (ID,CODE,NAME,REMARKS,M_ORG_ID) values ('1120','7420','(M) ARAKKONAM 33 KV','TANGEDCO OWN SS','412');
Insert into M_SUBSTATION (ID,CODE,NAME,REMARKS,M_ORG_ID) values ('1121','7418','(M) KATHIAVADI 33 KV','TANGEDCO OWN SS','412');
Insert into M_SUBSTATION (ID,CODE,NAME,REMARKS,M_ORG_ID) values ('1122','9017','MELKARAIPATTY 110/22KV SS','TANGEDCO OWN SS','434');
Insert into M_SUBSTATION (ID,CODE,NAME,REMARKS,M_ORG_ID) values ('1123','9017','RASIPALAYAM 110/33KV SS','SECTION 10(1)SS','434');
Insert into M_SUBSTATION (ID,CODE,NAME,REMARKS,M_ORG_ID) values ('1124','9017','ANAIKADVU 230/33KV SS','SECTION 10(1)SS','434');
Insert into M_SUBSTATION (ID,CODE,NAME,REMARKS,M_ORG_ID) values ('1125','9018','PETHAPPAMPATTY 110/33 KV 10(1)','SECTION 10(1)SS','434');
Insert into M_SUBSTATION (ID,CODE,NAME,REMARKS,M_ORG_ID) values ('1126','9100','Kodikuruchi  110/33/11KV  (Anathapuram) Wind form ','SECTION 10(1)SS','472');
Insert into M_SUBSTATION (ID,CODE,NAME,REMARKS,M_ORG_ID) values ('1127','9101',' Veeranam 110/33/11KV wind farm SS','SECTION 10(1)SS','472');
Insert into M_SUBSTATION (ID,CODE,NAME,REMARKS,M_ORG_ID) values ('1128','9102','Vellappaneri (10-1) SS','SECTION 10(1)SS','472');
Insert into M_SUBSTATION (ID,CODE,NAME,REMARKS,M_ORG_ID) values ('1129','9103','Therkupatty (10-1) SS','SECTION 10(1)SS','472');
Insert into M_SUBSTATION (ID,CODE,NAME,REMARKS,M_ORG_ID) values ('1130','9104','Amuthapurama 230KV SS','TANGEDCO OWN SS','472');
Insert into M_SUBSTATION (ID,CODE,NAME,REMARKS,M_ORG_ID) values ('1131','9105','Sundankurichi 110/33/11 KV SS','TANGEDCO OWN SS','472');
Insert into M_SUBSTATION (ID,CODE,NAME,REMARKS,M_ORG_ID) values ('1132','9106','Iyyanaryoothu 110/33/11 KV SS','TANGEDCO OWN SS','472');
Insert into M_SUBSTATION (ID,CODE,NAME,REMARKS,M_ORG_ID) values ('1133','9107','Ramnagar 110/33 KV SS','SECTION 10(1)SS','472');
Insert into M_SUBSTATION (ID,CODE,NAME,REMARKS,M_ORG_ID) values ('1134','9108','Echantha 110KV SS','TANGEDCO OWN SS','472');
Insert into M_SUBSTATION (ID,CODE,NAME,REMARKS,M_ORG_ID) values ('1135','9109','Rastha 110/33 KV SS','TANGEDCO OWN SS','472');
Insert into M_SUBSTATION (ID,CODE,NAME,REMARKS,M_ORG_ID) values ('1136','7219','KALIYAMPOONDI 110 KV','TANGEDCO OWN SS','410');
Insert into M_SUBSTATION (ID,CODE,NAME,REMARKS,M_ORG_ID) values ('1137','7201','KANCHIPURAM 110 KV','TANGEDCO OWN SS','410');
Insert into M_SUBSTATION (ID,CODE,NAME,REMARKS,M_ORG_ID) values ('1138','7224','KOLATHUR 33/11 KV (LT)','TANGEDCO OWN SS','410');
Insert into M_SUBSTATION (ID,CODE,NAME,REMARKS,M_ORG_ID) values ('1139','7228','KOLATHUR 33/11 KV (UM)','TANGEDCO OWN SS','410');
Insert into M_SUBSTATION (ID,CODE,NAME,REMARKS,M_ORG_ID) values ('1140','7223','KUNJALAM 33 KV','TANGEDCO OWN SS','410');
Insert into M_SUBSTATION (ID,CODE,NAME,REMARKS,M_ORG_ID) values ('1141','7220','MAGARAL 33 KV','TANGEDCO OWN SS','410');
Insert into M_SUBSTATION (ID,CODE,NAME,REMARKS,M_ORG_ID) values ('1142','7217','MUSARAVAKKAM 33 KV','TANGEDCO OWN SS','410');
Insert into M_SUBSTATION (ID,CODE,NAME,REMARKS,M_ORG_ID) values ('1143','7232','NEERVALUR 110 KV','TANGEDCO OWN SS','410');
Insert into M_SUBSTATION (ID,CODE,NAME,REMARKS,M_ORG_ID) values ('1144','7213','NELVOY 33 KV','TANGEDCO OWN SS','410');
Insert into M_SUBSTATION (ID,CODE,NAME,REMARKS,M_ORG_ID) values ('1145','7237','NORTH/KPM /KANCHIPURAM ','TANGEDCO OWN SS','410');
Insert into M_SUBSTATION (ID,CODE,NAME,REMARKS,M_ORG_ID) values ('1146','7237','NORTH/KPM /KANCHIPURAM  VELIYUR UM ','TANGEDCO OWN SS','410');
Insert into M_SUBSTATION (ID,CODE,NAME,REMARKS,M_ORG_ID) values ('1147','200','NUNGAMBAKKAM  33/11 KV(LT)','TANGEDCO OWN SS','410');
Insert into M_SUBSTATION (ID,CODE,NAME,REMARKS,M_ORG_ID) values ('1148','7201','North Kanchipuram/Kanchipuram','TANGEDCO OWN SS','410');
Insert into M_SUBSTATION (ID,CODE,NAME,REMARKS,M_ORG_ID) values ('1149','7204','North Kanchipuram/Kanchipuram','TANGEDCO OWN SS','410');
Insert into M_SUBSTATION (ID,CODE,NAME,REMARKS,M_ORG_ID) values ('1150','7232','North Kanchipuram/Neervallur','TANGEDCO OWN SS','410');
Insert into M_SUBSTATION (ID,CODE,NAME,REMARKS,M_ORG_ID) values ('1151','7204','North Kanchipuram/Orikkai','TANGEDCO OWN SS','410');
Insert into M_SUBSTATION (ID,CODE,NAME,REMARKS,M_ORG_ID) values ('1152','7231','North Kanchipuram/Pillaiyarpalayam','TANGEDCO OWN SS','410');
Insert into M_SUBSTATION (ID,CODE,NAME,REMARKS,M_ORG_ID) values ('1153','7241','North kanchipuram/Vellakulam','TANGEDCO OWN SS','410');
Insert into M_SUBSTATION (ID,CODE,NAME,REMARKS,M_ORG_ID) values ('1154','7204','ORIKKAI 110 KV','TANGEDCO OWN SS','410');
Insert into M_SUBSTATION (ID,CODE,NAME,REMARKS,M_ORG_ID) values ('1155','400','OTHAPPAI  33/11 KV (LT)','TANGEDCO OWN SS','410');
Insert into M_SUBSTATION (ID,CODE,NAME,REMARKS,M_ORG_ID) values ('1156','7222','PALAVAKKAM 33 KV','TANGEDCO OWN SS','410');
Insert into M_SUBSTATION (ID,CODE,NAME,REMARKS,M_ORG_ID) values ('1157','100','PALAYASEEVARAM  110/33-11 KV','TANGEDCO OWN SS','410');
Insert into M_SUBSTATION (ID,CODE,NAME,REMARKS,M_ORG_ID) values ('1158','7230','PALUR 33 KV','TANGEDCO OWN SS','410');
Insert into M_SUBSTATION (ID,CODE,NAME,REMARKS,M_ORG_ID) values ('1159','7233','PARANDUR 33 KV','TANGEDCO OWN SS','410');
Insert into M_SUBSTATION (ID,CODE,NAME,REMARKS,M_ORG_ID) values ('1160','7205','PERIYAPALAYAM','TANGEDCO OWN SS','410');
Insert into M_SUBSTATION (ID,CODE,NAME,REMARKS,M_ORG_ID) values ('1161','7214','PERUNAGAR 33 KV','TANGEDCO OWN SS','410');
Insert into M_SUBSTATION (ID,CODE,NAME,REMARKS,M_ORG_ID) values ('1162','7231','PILLAYAR PALAYAM 33 KV','TANGEDCO OWN SS','410');
Insert into M_SUBSTATION (ID,CODE,NAME,REMARKS,M_ORG_ID) values ('1163','7226','PODATTURPER 33 KV','TANGEDCO OWN SS','410');
Insert into M_SUBSTATION (ID,CODE,NAME,REMARKS,M_ORG_ID) values ('1164','300','POONDI 33/11 KV(UM)','TANGEDCO OWN SS','410');
Insert into M_SUBSTATION (ID,CODE,NAME,REMARKS,M_ORG_ID) values ('1165','7218','POONIMANGADU 110 KV','TANGEDCO OWN SS','410');
Insert into M_SUBSTATION (ID,CODE,NAME,REMARKS,M_ORG_ID) values ('1166','4111','SHENBAGAPUDUR 110 KV','TANGEDCO OWN SS','436');
Insert into M_SUBSTATION (ID,CODE,NAME,REMARKS,M_ORG_ID) values ('1167','4117','Sankari/K.Kumarapalayam','TANGEDCO OWN SS','436');
Insert into M_SUBSTATION (ID,CODE,NAME,REMARKS,M_ORG_ID) values ('1168','4207','Sankary/Kumarapalayam','TANGEDCO OWN SS','436');
Insert into M_SUBSTATION (ID,CODE,NAME,REMARKS,M_ORG_ID) values ('1169','4124','Sathy/Bannary','TANGEDCO OWN SS','436');
Insert into M_SUBSTATION (ID,CODE,NAME,REMARKS,M_ORG_ID) values ('1170','4123','Sathy/GanapathyNagar','TANGEDCO OWN SS','436');
Insert into M_SUBSTATION (ID,CODE,NAME,REMARKS,M_ORG_ID) values ('1171','4119','Sathy/Thoppampalayam','TANGEDCO OWN SS','436');
Insert into M_SUBSTATION (ID,CODE,NAME,REMARKS,M_ORG_ID) values ('1172','4104','T.N.PALAYAM 110 KV','TANGEDCO OWN SS','436');
Insert into M_SUBSTATION (ID,CODE,NAME,REMARKS,M_ORG_ID) values ('1173','4114','THALAVADY 110 KV','TANGEDCO OWN SS','436');
Insert into M_SUBSTATION (ID,CODE,NAME,REMARKS,M_ORG_ID) values ('1174','4116','THALAVAI PETTAI 110 KV','TANGEDCO OWN SS','436');
Insert into M_SUBSTATION (ID,CODE,NAME,REMARKS,M_ORG_ID) values ('1175','4213','ERUMAPATTY 110 KV','TANGEDCO OWN SS','437');
Insert into M_SUBSTATION (ID,CODE,NAME,REMARKS,M_ORG_ID) values ('1176','4210','ILANAGAR 110 KV','TANGEDCO OWN SS','437');
Insert into M_SUBSTATION (ID,CODE,NAME,REMARKS,M_ORG_ID) values ('1177','4521','Jedarpalayam 110/11 KV SS','TANGEDCO OWN SS','437');
Insert into M_SUBSTATION (ID,CODE,NAME,REMARKS,M_ORG_ID) values ('1178','4217','KABILARMALAI 110 KV','TANGEDCO OWN SS','437');
Insert into M_SUBSTATION (ID,CODE,NAME,REMARKS,M_ORG_ID) values ('1179','4214','KALAPPANAICKENPATTY 110 ','TANGEDCO OWN SS','437');
Insert into M_SUBSTATION (ID,CODE,NAME,REMARKS,M_ORG_ID) values ('1180','4211','MALLASAMUDRAM 110 KV','TANGEDCO OWN SS','437');
Insert into M_SUBSTATION (ID,CODE,NAME,REMARKS,M_ORG_ID) values ('1181','4216','NALLUR 110 KV','TANGEDCO OWN SS','437');
Insert into M_SUBSTATION (ID,CODE,NAME,REMARKS,M_ORG_ID) values ('1182','4407','NAMAGIRIPET 110 KV','TANGEDCO OWN SS','437');
Insert into M_SUBSTATION (ID,CODE,NAME,REMARKS,M_ORG_ID) values ('1183','4212','NAMAKKAL 110 KV','TANGEDCO OWN SS','437');
Insert into M_SUBSTATION (ID,CODE,NAME,REMARKS,M_ORG_ID) values ('1184','4222','P.VELUR 110 KV','TANGEDCO OWN SS','437');
Insert into M_SUBSTATION (ID,CODE,NAME,REMARKS,M_ORG_ID) values ('1185','4520','P.VELUR/VILLIPALAYAM 110 KV','TANGEDCO OWN SS','437');
Insert into M_SUBSTATION (ID,CODE,NAME,REMARKS,M_ORG_ID) values ('1186','4230','PARUTHIPALLI','TANGEDCO OWN SS','437');
Insert into M_SUBSTATION (ID,CODE,NAME,REMARKS,M_ORG_ID) values ('1187','4220','PUDAN SANTHAI 110 KV','TANGEDCO OWN SS','437');
Insert into M_SUBSTATION (ID,CODE,NAME,REMARKS,M_ORG_ID) values ('1188','4406','RASIPURAM 110 KV','TANGEDCO OWN SS','437');
Insert into M_SUBSTATION (ID,CODE,NAME,REMARKS,M_ORG_ID) values ('1189','4221','S.VALAVANTHI 110 KV','TANGEDCO OWN SS','437');
Insert into M_SUBSTATION (ID,CODE,NAME,REMARKS,M_ORG_ID) values ('1190','4522','SENDAMANGALAM 110/22KV SS','TANGEDCO OWN SS','437');
Insert into M_SUBSTATION (ID,CODE,NAME,REMARKS,M_ORG_ID) values ('1191','4209','TIRUCHENGODE 110 KV','TANGEDCO OWN SS','437');
Insert into M_SUBSTATION (ID,CODE,NAME,REMARKS,M_ORG_ID) values ('1192','4219','UNJANAI 110 KV','TANGEDCO OWN SS','437');
Insert into M_SUBSTATION (ID,CODE,NAME,REMARKS,M_ORG_ID) values ('1193','4215','VALAYAPATTY 110 KV','TANGEDCO OWN SS','437');
Insert into M_SUBSTATION (ID,CODE,NAME,REMARKS,M_ORG_ID) values ('1194','210',' 110 / 11 KV KANURPUDHUR ','TANGEDCO OWN SS','438');
Insert into M_SUBSTATION (ID,CODE,NAME,REMARKS,M_ORG_ID) values ('1195','201','110/11 KV ARULPURAM','TANGEDCO OWN SS','438');
Insert into M_SUBSTATION (ID,CODE,NAME,REMARKS,M_ORG_ID) values ('1196','220','110/11 KV KARUVALUR','TANGEDCO OWN SS','438');
Insert into M_SUBSTATION (ID,CODE,NAME,REMARKS,M_ORG_ID) values ('1197','200','110/11 KV Kumar Nagar','TANGEDCO OWN SS','438');
Insert into M_SUBSTATION (ID,CODE,NAME,REMARKS,M_ORG_ID) values ('1198','215','110/11 KV NAP','TANGEDCO OWN SS','438');
Insert into M_SUBSTATION (ID,CODE,NAME,REMARKS,M_ORG_ID) values ('1199','1642','110/11KV Alagumalai SS','TANGEDCO OWN SS','438');
Insert into M_SUBSTATION (ID,CODE,NAME,REMARKS,M_ORG_ID) values ('1200','1643','110/11KV Periyar Nagar SS','TANGEDCO OWN SS','438');
Insert into M_SUBSTATION (ID,CODE,NAME,REMARKS,M_ORG_ID) values ('1201','1644','110/22KV Salaipudur SS','TANGEDCO OWN SS','438');
Insert into M_SUBSTATION (ID,CODE,NAME,REMARKS,M_ORG_ID) values ('1202','305','33/11 KV ANDIPALAYAM ','TANGEDCO OWN SS','438');
Insert into M_SUBSTATION (ID,CODE,NAME,REMARKS,M_ORG_ID) values ('1203','300','33/11 KV Alagumalai ','TANGEDCO OWN SS','438');
Insert into M_SUBSTATION (ID,CODE,NAME,REMARKS,M_ORG_ID) values ('1204','302','33/11 KV KUMARANSALAI ','TANGEDCO OWN SS','438');
Insert into M_SUBSTATION (ID,CODE,NAME,REMARKS,M_ORG_ID) values ('1205','304','33/11 KV NALLUR','TANGEDCO OWN SS','438');
Insert into M_SUBSTATION (ID,CODE,NAME,REMARKS,M_ORG_ID) values ('1206','303','33/11 KV PALAVANJIPALAYAM','TANGEDCO OWN SS','438');
Insert into M_SUBSTATION (ID,CODE,NAME,REMARKS,M_ORG_ID) values ('1207','4329','ALAMBADY 33 KV','TANGEDCO OWN SS','438');
Insert into M_SUBSTATION (ID,CODE,NAME,REMARKS,M_ORG_ID) values ('1208','1208','AVANASHI 110 KV','TANGEDCO OWN SS','438');
Insert into M_SUBSTATION (ID,CODE,NAME,REMARKS,M_ORG_ID) values ('1209','1204','CHEYUR 33 KV','TANGEDCO OWN SS','438');
Insert into M_SUBSTATION (ID,CODE,NAME,REMARKS,M_ORG_ID) values ('1210','4314','D.N.PATTY 33 KV','TANGEDCO OWN SS','438');
Insert into M_SUBSTATION (ID,CODE,NAME,REMARKS,M_ORG_ID) values ('1211','4326','ELLAPALAYAMPUDUR 33 KV','TANGEDCO OWN SS','438');
Insert into M_SUBSTATION (ID,CODE,NAME,REMARKS,M_ORG_ID) values ('1212','1331','KALIVELAMPATTY 110 KV SS','TANGEDCO OWN SS','438');
Insert into M_SUBSTATION (ID,CODE,NAME,REMARKS,M_ORG_ID) values ('1213','4323','KANGAYAM 110/33-11 KV','TANGEDCO OWN SS','438');
Insert into M_SUBSTATION (ID,CODE,NAME,REMARKS,M_ORG_ID) values ('1214','1207','KANURPUDUR 110 KV','TANGEDCO OWN SS','438');
Insert into M_SUBSTATION (ID,CODE,NAME,REMARKS,M_ORG_ID) values ('1215','1306','KARADIVAVI 110 KV','TANGEDCO OWN SS','438');
Insert into M_SUBSTATION (ID,CODE,NAME,REMARKS,M_ORG_ID) values ('1216','4315','METTUPALAYAM 33 KV','TANGEDCO OWN SS','438');
Insert into M_SUBSTATION (ID,CODE,NAME,REMARKS,M_ORG_ID) values ('1217','1312','MUDALIPALAYAM 110 KV','TANGEDCO OWN SS','438');
Insert into M_SUBSTATION (ID,CODE,NAME,REMARKS,M_ORG_ID) values ('1218','4325','MUTHUR 33 KV','TANGEDCO OWN SS','438');
Insert into M_SUBSTATION (ID,CODE,NAME,REMARKS,M_ORG_ID) values ('1219','4309','OLAPALAYAM 33 KV','TANGEDCO OWN SS','438');
Insert into M_SUBSTATION (ID,CODE,NAME,REMARKS,M_ORG_ID) values ('1220','4327','PALAYAKOTTAI 33 KV','TANGEDCO OWN SS','438');
Insert into M_SUBSTATION (ID,CODE,NAME,REMARKS,M_ORG_ID) values ('1221','1304','PALLADAM 110 KV','TANGEDCO OWN SS','438');
Insert into M_SUBSTATION (ID,CODE,NAME,REMARKS,M_ORG_ID) values ('1222','1317','PALLAVARAYANPALAYAM LT SS','TANGEDCO OWN SS','438');
Insert into M_SUBSTATION (ID,CODE,NAME,REMARKS,M_ORG_ID) values ('1223','1203','PERUMANALLUR 110 KV','TANGEDCO OWN SS','438');
Insert into M_SUBSTATION (ID,CODE,NAME,REMARKS,M_ORG_ID) values ('1224','1305','PONGALUR 110 KV','TANGEDCO OWN SS','438');
Insert into M_SUBSTATION (ID,CODE,NAME,REMARKS,M_ORG_ID) values ('1225','1641','Palladam/110/11KV Naranapuram SS','TANGEDCO OWN SS','438');
Insert into M_SUBSTATION (ID,CODE,NAME,REMARKS,M_ORG_ID) values ('1226','4328','RASATHAVALASU 110 KV','TANGEDCO OWN SS','438');
Insert into M_SUBSTATION (ID,CODE,NAME,REMARKS,M_ORG_ID) values ('1227','1311','SANTHAIPETTAI 110 KV','TANGEDCO OWN SS','438');
Insert into M_SUBSTATION (ID,CODE,NAME,REMARKS,M_ORG_ID) values ('1228','4313','SIVANMALAI 33 KV','TANGEDCO OWN SS','438');
Insert into M_SUBSTATION (ID,CODE,NAME,REMARKS,M_ORG_ID) values ('1229','1310','TIRUPPUR 110 KV','TANGEDCO OWN SS','438');
Insert into M_SUBSTATION (ID,CODE,NAME,REMARKS,M_ORG_ID) values ('1230','45','UTHIYUR 110 KV','TANGEDCO OWN SS','438');
Insert into M_SUBSTATION (ID,CODE,NAME,REMARKS,M_ORG_ID) values ('1231','20','Uthukuli 110/11KV SS','TANGEDCO OWN SS','438');
Insert into M_SUBSTATION (ID,CODE,NAME,REMARKS,M_ORG_ID) values ('1232','1217','VADUGAPALAYAM 33 KV','TANGEDCO OWN SS','438');
Insert into M_SUBSTATION (ID,CODE,NAME,REMARKS,M_ORG_ID) values ('1233','1314','VEERAPANDY 110 KV','TANGEDCO OWN SS','438');
Insert into M_SUBSTATION (ID,CODE,NAME,REMARKS,M_ORG_ID) values ('1234','1215','VELAMPALAYAM 110 KV','TANGEDCO OWN SS','438');
Insert into M_SUBSTATION (ID,CODE,NAME,REMARKS,M_ORG_ID) values ('1235','4324','VELLAKOIL 33 KV','TANGEDCO OWN SS','438');
Insert into M_SUBSTATION (ID,CODE,NAME,REMARKS,M_ORG_ID) values ('1301','6616','SATHANOOR 110 KV','TANGEDCO OWN SS','442');
Insert into M_SUBSTATION (ID,CODE,NAME,REMARKS,M_ORG_ID) values ('1302','5105','SATTANKULAM 110 KV','TANGEDCO OWN SS','470');
Insert into M_SUBSTATION (ID,CODE,NAME,REMARKS,M_ORG_ID) values ('1303','5124','SEIDUNGANALLUR 33 KV','TANGEDCO OWN SS','470');
Insert into M_SUBSTATION (ID,CODE,NAME,REMARKS,M_ORG_ID) values ('1304','5133','SEMMARIKULAM 33KV','TANGEDCO OWN SS','470');
Insert into M_SUBSTATION (ID,CODE,NAME,REMARKS,M_ORG_ID) values ('1305','5137','SIDCO 33 KV','TANGEDCO OWN SS','470');
Insert into M_SUBSTATION (ID,CODE,NAME,REMARKS,M_ORG_ID) values ('1306','5101','SIPCOT 110 KV','TANGEDCO OWN SS','470');
Insert into M_SUBSTATION (ID,CODE,NAME,REMARKS,M_ORG_ID) values ('1307','5127','SIVAGANAPURAM 66 KV','TANGEDCO OWN SS','470');
Insert into M_SUBSTATION (ID,CODE,NAME,REMARKS,M_ORG_ID) values ('1308','5112','SOORANGUDI 33 KV','TANGEDCO OWN SS','470');
Insert into M_SUBSTATION (ID,CODE,NAME,REMARKS,M_ORG_ID) values ('1309','5116','SRIVAIKUNDAM 33 KV','TANGEDCO OWN SS','470');
Insert into M_SUBSTATION (ID,CODE,NAME,REMARKS,M_ORG_ID) values ('1310','5115','TIRUCHENDUR 33 KV','TANGEDCO OWN SS','470');
Insert into M_SUBSTATION (ID,CODE,NAME,REMARKS,M_ORG_ID) values ('1311','5135','TIRUCHENDUR/KAYALPATTINAM','TANGEDCO OWN SS','470');
Insert into M_SUBSTATION (ID,CODE,NAME,REMARKS,M_ORG_ID) values ('1312','5102','TOWN 110 KV','TANGEDCO OWN SS','470');
Insert into M_SUBSTATION (ID,CODE,NAME,REMARKS,M_ORG_ID) values ('1313','5106','UDANGUDI 110 KV','TANGEDCO OWN SS','470');
Insert into M_SUBSTATION (ID,CODE,NAME,REMARKS,M_ORG_ID) values ('1314','5108','VAGAIKULAM 110 KV','TANGEDCO OWN SS','470');
Insert into M_SUBSTATION (ID,CODE,NAME,REMARKS,M_ORG_ID) values ('1315','5132','VIJAYAPURI  110 KV','TANGEDCO OWN SS','470');
Insert into M_SUBSTATION (ID,CODE,NAME,REMARKS,M_ORG_ID) values ('1316','5130','VILATHIKULAM 110 KV','TANGEDCO OWN SS','470');
Insert into M_SUBSTATION (ID,CODE,NAME,REMARKS,M_ORG_ID) values ('1317','5443','110/11KV Achanputhur','SECTION 10(1)SS','472');
Insert into M_SUBSTATION (ID,CODE,NAME,REMARKS,M_ORG_ID) values ('1318','5442','110/11KV KARIVALAMVANDHANALLUR','TANGEDCO OWN SS','472');
Insert into M_SUBSTATION (ID,CODE,NAME,REMARKS,M_ORG_ID) values ('1319','5406','ALANKULAM 110 KV (10/1 SS)','TANGEDCO OWN SS','472');
Insert into M_SUBSTATION (ID,CODE,NAME,REMARKS,M_ORG_ID) values ('1320','5457','AMBASAMUDRAM','TANGEDCO OWN SS','472');
Insert into M_SUBSTATION (ID,CODE,NAME,REMARKS,M_ORG_ID) values ('1321','5438','EXHIBITION GROUND 33 KV','TANGEDCO OWN SS','472');
Insert into M_SUBSTATION (ID,CODE,NAME,REMARKS,M_ORG_ID) values ('1322','5410','GANGAIKONDAN 110 KV','TANGEDCO OWN SS','472');
Insert into M_SUBSTATION (ID,CODE,NAME,REMARKS,M_ORG_ID) values ('1323','5422','KADAYAM 110 KV','TANGEDCO OWN SS','472');
Insert into M_SUBSTATION (ID,CODE,NAME,REMARKS,M_ORG_ID) values ('1324','5414','KADAYANALLUR 110 KV','TANGEDCO OWN SS','472');
Insert into M_SUBSTATION (ID,CODE,NAME,REMARKS,M_ORG_ID) values ('1325','5429','KALAKAD 110 KV','TANGEDCO OWN SS','472');
Insert into M_SUBSTATION (ID,CODE,NAME,REMARKS,M_ORG_ID) values ('1326','5413','KALINGAPATTY 66 KV','TANGEDCO OWN SS','472');
Insert into M_SUBSTATION (ID,CODE,NAME,REMARKS,M_ORG_ID) values ('1327','5404','KARANTHANERI 110 KV','TANGEDCO OWN SS','472');
Insert into M_SUBSTATION (ID,CODE,NAME,REMARKS,M_ORG_ID) values ('1328','5440','KARISALPATTI','TANGEDCO OWN SS','472');
Insert into M_SUBSTATION (ID,CODE,NAME,REMARKS,M_ORG_ID) values ('1329','500','KARIVALAMVANTHANALLUR 110 KV','TANGEDCO OWN SS','472');
Insert into M_SUBSTATION (ID,CODE,NAME,REMARKS,M_ORG_ID) values ('1330','200','KEELAPAVOOR 110 KV','TANGEDCO OWN SS','472');
Insert into M_SUBSTATION (ID,CODE,NAME,REMARKS,M_ORG_ID) values ('1331','5403','KOKKIRAKULAM 33 KV','TANGEDCO OWN SS','472');
Insert into M_SUBSTATION (ID,CODE,NAME,REMARKS,M_ORG_ID) values ('1332','5430','KOODANKULAM 110 KV','TANGEDCO OWN SS','472');
Insert into M_SUBSTATION (ID,CODE,NAME,REMARKS,M_ORG_ID) values ('1333','5426','KOTTAIKARUNKULAM 110 KV','TANGEDCO OWN SS','472');
Insert into M_SUBSTATION (ID,CODE,NAME,REMARKS,M_ORG_ID) values ('1334','5433','MALAYANKULAM 110 KV','TANGEDCO OWN SS','472');
Insert into M_SUBSTATION (ID,CODE,NAME,REMARKS,M_ORG_ID) values ('1335','5439','MANUR 110 KV','TANGEDCO OWN SS','472');
Insert into M_SUBSTATION (ID,CODE,NAME,REMARKS,M_ORG_ID) values ('1336','5423','MELAKALLUR 110 KV','TANGEDCO OWN SS','472');
Insert into M_SUBSTATION (ID,CODE,NAME,REMARKS,M_ORG_ID) values ('1337','5437','MELAPALAYAM 33 KV','TANGEDCO OWN SS','472');
Insert into M_SUBSTATION (ID,CODE,NAME,REMARKS,M_ORG_ID) values ('1338','5405','MOOLAKARAIPATTY 33 KV','TANGEDCO OWN SS','472');
Insert into M_SUBSTATION (ID,CODE,NAME,REMARKS,M_ORG_ID) values ('1339','5416','NARANAPURAM 110 KV','TANGEDCO OWN SS','472');
Insert into M_SUBSTATION (ID,CODE,NAME,REMARKS,M_ORG_ID) values ('1340','5434','O.THULUKKAPATTI 110 KV','TANGEDCO OWN SS','472');
Insert into M_SUBSTATION (ID,CODE,NAME,REMARKS,M_ORG_ID) values ('1341','5401','PALAYAMKOTTAI 110 KV','TANGEDCO OWN SS','472');
Insert into M_SUBSTATION (ID,CODE,NAME,REMARKS,M_ORG_ID) values ('1342','5402','PALAYAPETTAI 110 KV','TANGEDCO OWN SS','472');
Insert into M_SUBSTATION (ID,CODE,NAME,REMARKS,M_ORG_ID) values ('1343','5427','PANAGUDI 110 KV','TANGEDCO OWN SS','472');
Insert into M_SUBSTATION (ID,CODE,NAME,REMARKS,M_ORG_ID) values ('1344','5412','PERUMALPATTY 110 KV','TANGEDCO OWN SS','472');
Insert into M_SUBSTATION (ID,CODE,NAME,REMARKS,M_ORG_ID) values ('1345','5415','PULIYANGUDI 110 KV','TANGEDCO OWN SS','472');
Insert into M_SUBSTATION (ID,CODE,NAME,REMARKS,M_ORG_ID) values ('1346','5432','REDDIARPATTI 33 KV','TANGEDCO OWN SS','472');
Insert into M_SUBSTATION (ID,CODE,NAME,REMARKS,M_ORG_ID) values ('1347','5456','RURAL/SEETHAPARPANALLUR','TANGEDCO OWN SS','472');
Insert into M_SUBSTATION (ID,CODE,NAME,REMARKS,M_ORG_ID) values ('1348','5411','SANKARANKOIL 110 KV','TANGEDCO OWN SS','472');
Insert into M_SUBSTATION (ID,CODE,NAME,REMARKS,M_ORG_ID) values ('1349','5419','SENKOTTAI 110 KV','SECTION 10(1)SS','472');
Insert into M_SUBSTATION (ID,CODE,NAME,REMARKS,M_ORG_ID) values ('1350','5420','SURANDAI 110 KV','TANGEDCO OWN SS','472');
Insert into M_SUBSTATION (ID,CODE,NAME,REMARKS,M_ORG_ID) values ('1351','5475','Sanakarankoil/Nakkalamuthampatti','TANGEDCO OWN SS','472');
Insert into M_SUBSTATION (ID,CODE,NAME,REMARKS,M_ORG_ID) values ('1352','5466','Sankarankovil/Naduvakurichi','TANGEDCO OWN SS','472');
Insert into M_SUBSTATION (ID,CODE,NAME,REMARKS,M_ORG_ID) values ('1353','5418','TENKASI 110 KV','TANGEDCO OWN SS','472');
Insert into M_SUBSTATION (ID,CODE,NAME,REMARKS,M_ORG_ID) values ('1354','5409','THALAYUTHU 110 KV','TANGEDCO OWN SS','472');
Insert into M_SUBSTATION (ID,CODE,NAME,REMARKS,M_ORG_ID) values ('1355','5425','THISAYANVILAI 33 KV','TANGEDCO OWN SS','472');
Insert into M_SUBSTATION (ID,CODE,NAME,REMARKS,M_ORG_ID) values ('1356','5441','THIYAGARAJANAGAR 33 KV','TANGEDCO OWN SS','472');
Insert into M_SUBSTATION (ID,CODE,NAME,REMARKS,M_ORG_ID) values ('1357','5468','Tenkasi/Mangammal salai','TANGEDCO OWN SS','472');
Insert into M_SUBSTATION (ID,CODE,NAME,REMARKS,M_ORG_ID) values ('1358','100','UTHUMALAI 110 KV','TANGEDCO OWN SS','472');
Insert into M_SUBSTATION (ID,CODE,NAME,REMARKS,M_ORG_ID) values ('1359','5408','UTHUMALAI 66 KV','TANGEDCO OWN SS','472');
Insert into M_SUBSTATION (ID,CODE,NAME,REMARKS,M_ORG_ID) values ('1360','5472','Urban/New Bus  Stand','TANGEDCO OWN SS','472');
Insert into M_SUBSTATION (ID,CODE,NAME,REMARKS,M_ORG_ID) values ('1361','5474','Urban/Samathanapuram','TANGEDCO OWN SS','472');
Insert into M_SUBSTATION (ID,CODE,NAME,REMARKS,M_ORG_ID) values ('1362','5473','Urban/Thachanallur','TANGEDCO OWN SS','472');
Insert into M_SUBSTATION (ID,CODE,NAME,REMARKS,M_ORG_ID) values ('1363','5421','V.K.PURAM 110 KV','TANGEDCO OWN SS','472');
Insert into M_SUBSTATION (ID,CODE,NAME,REMARKS,M_ORG_ID) values ('1364','5454','VALLIOOR/NAVALADY','TANGEDCO OWN SS','472');
Insert into M_SUBSTATION (ID,CODE,NAME,REMARKS,M_ORG_ID) values ('1365','5428','VALLIYOOR 110 KV','TANGEDCO OWN SS','472');
Insert into M_SUBSTATION (ID,CODE,NAME,REMARKS,M_ORG_ID) values ('1366','5407','VANNIKONENTHAL 66 KV','TANGEDCO OWN SS','472');
Insert into M_SUBSTATION (ID,CODE,NAME,REMARKS,M_ORG_ID) values ('1367','5417','VEERASIGAMANI 110 KV','SECTION 10(1)SS','472');
Insert into M_SUBSTATION (ID,CODE,NAME,REMARKS,M_ORG_ID) values ('1368','5424','VEERAVANALLUR 110 KV','TANGEDCO OWN SS','472');
Insert into M_SUBSTATION (ID,CODE,NAME,REMARKS,M_ORG_ID) values ('1369','5436','VISVANATHAPERI 110 KV','TANGEDCO OWN SS','472');
Insert into M_SUBSTATION (ID,CODE,NAME,REMARKS,M_ORG_ID) values ('1370','5467','Vallioor/AMRL SEZ Nanguneri','TANGEDCO OWN SS','472');
Insert into M_SUBSTATION (ID,CODE,NAME,REMARKS,M_ORG_ID) values ('1371','5403','urban/kokkirakulam','TANGEDCO OWN SS','472');
Insert into M_SUBSTATION (ID,CODE,NAME,REMARKS,M_ORG_ID) values ('1372','122011','urban/kokkirakulam','TANGEDCO OWN SS','472');
Insert into M_SUBSTATION (ID,CODE,NAME,REMARKS,M_ORG_ID) values ('1373','5317','ASARIPALLAM','TANGEDCO OWN SS','474');
Insert into M_SUBSTATION (ID,CODE,NAME,REMARKS,M_ORG_ID) values ('1374','5311','CHEMPONVILAI 110/11 KV','TANGEDCO OWN SS','474');
Insert into M_SUBSTATION (ID,CODE,NAME,REMARKS,M_ORG_ID) values ('1375','5317','Cheramangalam 110/11KV','TANGEDCO OWN SS','474');
Insert into M_SUBSTATION (ID,CODE,NAME,REMARKS,M_ORG_ID) values ('1376','5301','KANYAKUMARI 110/11KV','TANGEDCO OWN SS','474');
Insert into M_SUBSTATION (ID,CODE,NAME,REMARKS,M_ORG_ID) values ('1377','5304','KUZHITHURAI 110 KV','TANGEDCO OWN SS','474');
Insert into M_SUBSTATION (ID,CODE,NAME,REMARKS,M_ORG_ID) values ('1378','5308','MANAVALAKURICHI 33/11 KV','TANGEDCO OWN SS','474');
Insert into M_SUBSTATION (ID,CODE,NAME,REMARKS,M_ORG_ID) values ('1379','5315','MARTHANDAM 110/11 KV','TANGEDCO OWN SS','474');
Insert into M_SUBSTATION (ID,CODE,NAME,REMARKS,M_ORG_ID) values ('1380','5312','MEENAKSHIPURAM 110/11 KV','TANGEDCO OWN SS','474');
Insert into M_SUBSTATION (ID,CODE,NAME,REMARKS,M_ORG_ID) values ('1381','5305','MUNCHIRAI 110 KV','TANGEDCO OWN SS','474');
Insert into M_SUBSTATION (ID,CODE,NAME,REMARKS,M_ORG_ID) values ('1382','5306','NAGERCOIL 110/33/11 KV','TANGEDCO OWN SS','474');
Insert into M_SUBSTATION (ID,CODE,NAME,REMARKS,M_ORG_ID) values ('1383','5317','NAGERCOIL/ASARIPALLAM','TANGEDCO OWN SS','474');
Insert into M_SUBSTATION (ID,CODE,NAME,REMARKS,M_ORG_ID) values ('1384','5310','PECHIPPARAI 110/11 KV','TANGEDCO OWN SS','474');
Insert into M_SUBSTATION (ID,CODE,NAME,REMARKS,M_ORG_ID) values ('1385','5313','SR PUTHOOR 110/11KV','TANGEDCO OWN SS','474');
Insert into M_SUBSTATION (ID,CODE,NAME,REMARKS,M_ORG_ID) values ('1386','5303','THADIKKARANKONAM 33 KV','TANGEDCO OWN SS','474');
Insert into M_SUBSTATION (ID,CODE,NAME,REMARKS,M_ORG_ID) values ('1387','5314','THENGAMPUTHUR 110/11 KV','TANGEDCO OWN SS','474');
Insert into M_SUBSTATION (ID,CODE,NAME,REMARKS,M_ORG_ID) values ('1388','5307','THUCKALAY 110 KV','TANGEDCO OWN SS','474');
Insert into M_SUBSTATION (ID,CODE,NAME,REMARKS,M_ORG_ID) values ('1389','5302','VALLANKUMARAVILAI 33 KV','TANGEDCO OWN SS','474');
Insert into M_SUBSTATION (ID,CODE,NAME,REMARKS,M_ORG_ID) values ('1390','5309','VEEYANUR 110/11 KV','TANGEDCO OWN SS','474');
Insert into M_SUBSTATION (ID,CODE,NAME,REMARKS,M_ORG_ID) values ('1391','3603','ANDIPATTY 110 KV SS','TANGEDCO OWN SS','476');
Insert into M_SUBSTATION (ID,CODE,NAME,REMARKS,M_ORG_ID) values ('1392','3601','BODI 110 KV SS','TANGEDCO OWN SS','476');
Insert into M_SUBSTATION (ID,CODE,NAME,REMARKS,M_ORG_ID) values ('1393','3613','CUMBUM 110 KV','TANGEDCO OWN SS','476');
Insert into M_SUBSTATION (ID,CODE,NAME,REMARKS,M_ORG_ID) values ('1394','3611','GANDAMANUR 110 KV','TANGEDCO OWN SS','476');
Insert into M_SUBSTATION (ID,CODE,NAME,REMARKS,M_ORG_ID) values ('1395','3608','KADAMALAIKUNDU 110 KV','TANGEDCO OWN SS','476');
Insert into M_SUBSTATION (ID,CODE,NAME,REMARKS,M_ORG_ID) values ('1396','3607','KAMATCHIPURAM 110 KV SS','TANGEDCO OWN SS','476');
Insert into M_SUBSTATION (ID,CODE,NAME,REMARKS,M_ORG_ID) values ('1397','3610','MADURAPURI 110 KV','TANGEDCO OWN SS','476');
Insert into M_SUBSTATION (ID,CODE,NAME,REMARKS,M_ORG_ID) values ('1398','3614','MARGAYAN KOTTAI 110KV','TANGEDCO OWN SS','476');
Insert into M_SUBSTATION (ID,CODE,NAME,REMARKS,M_ORG_ID) values ('1399','3606','PERIYAKULAM 110 KV SS','TANGEDCO OWN SS','476');
Insert into M_SUBSTATION (ID,CODE,NAME,REMARKS,M_ORG_ID) values ('1400','3602','RASINGAPURAM 110 KV SS','TANGEDCO OWN SS','476');
Insert into M_SUBSTATION (ID,CODE,NAME,REMARKS,M_ORG_ID) values ('1401','3612','THENI 110 KV','TANGEDCO OWN SS','476');
Insert into M_SUBSTATION (ID,CODE,NAME,REMARKS,M_ORG_ID) values ('1402','3616','THEVARAM 110 KV','TANGEDCO OWN SS','476');
Insert into M_SUBSTATION (ID,CODE,NAME,REMARKS,M_ORG_ID) values ('1403','3604','UTHAMAPALAYAM 110 KV SS','TANGEDCO OWN SS','476');
Insert into M_SUBSTATION (ID,CODE,NAME,REMARKS,M_ORG_ID) values ('1404','3609','VAIGAI DAM 110 KV','TANGEDCO OWN SS','476');
Insert into M_SUBSTATION (ID,CODE,NAME,REMARKS,M_ORG_ID) values ('1405','3605','VANNATHIPURAM 110 KV','TANGEDCO OWN SS','476');
Insert into M_SUBSTATION (ID,CODE,NAME,REMARKS,M_ORG_ID) values ('1406','3617','VEERAPANDI','TANGEDCO OWN SS','476');
Insert into M_SUBSTATION (ID,CODE,NAME,REMARKS,M_ORG_ID) values ('1407','100','33/11 KV R.KAVANOOR','TANGEDCO OWN SS','478');
Insert into M_SUBSTATION (ID,CODE,NAME,REMARKS,M_ORG_ID) values ('1408','3522','ABIRAMAM 33 KV','TANGEDCO OWN SS','478');
Insert into M_SUBSTATION (ID,CODE,NAME,REMARKS,M_ORG_ID) values ('1409','3512','ANANDUR 110 KV','TANGEDCO OWN SS','478');
Insert into M_SUBSTATION (ID,CODE,NAME,REMARKS,M_ORG_ID) values ('1410','3519','CHATHIRAKUDI 33 KV','TANGEDCO OWN SS','478');
Insert into M_SUBSTATION (ID,CODE,NAME,REMARKS,M_ORG_ID) values ('1411','3517','DEVIPATTINAM 33 KV','TANGEDCO OWN SS','478');
Insert into M_SUBSTATION (ID,CODE,NAME,REMARKS,M_ORG_ID) values ('1412','3504','KADALADI 33 KV','TANGEDCO OWN SS','478');
Insert into M_SUBSTATION (ID,CODE,NAME,REMARKS,M_ORG_ID) values ('1413','3502','KAMUDHI 110 KV','TANGEDCO OWN SS','478');
Insert into M_SUBSTATION (ID,CODE,NAME,REMARKS,M_ORG_ID) values ('1414','3507','KEELAKARAI 110 KV','TANGEDCO OWN SS','478');
Insert into M_SUBSTATION (ID,CODE,NAME,REMARKS,M_ORG_ID) values ('1415','3506','MANDAPAM 110 KV','TANGEDCO OWN SS','478');
Insert into M_SUBSTATION (ID,CODE,NAME,REMARKS,M_ORG_ID) values ('1416','3518','MUDUKULATHUR 33 KV','TANGEDCO OWN SS','478');
Insert into M_SUBSTATION (ID,CODE,NAME,REMARKS,M_ORG_ID) values ('1417','3516','N.KARISALKULAM 33 KV','TANGEDCO OWN SS','478');
Insert into M_SUBSTATION (ID,CODE,NAME,REMARKS,M_ORG_ID) values ('1418','3521','NAGARIKATHAN 33 KV','TANGEDCO OWN SS','478');
Insert into M_SUBSTATION (ID,CODE,NAME,REMARKS,M_ORG_ID) values ('1419','3515','NARIPPAIYUR 33 KV','TANGEDCO OWN SS','478');
Insert into M_SUBSTATION (ID,CODE,NAME,REMARKS,M_ORG_ID) values ('1420','3501','PARAMAKUDI 110 KV','TANGEDCO OWN SS','478');
Insert into M_SUBSTATION (ID,CODE,NAME,REMARKS,M_ORG_ID) values ('1421','6242','NAGAPATTINAM/AYYAKKARANPULAM','TANGEDCO OWN SS','445');
Insert into M_SUBSTATION (ID,CODE,NAME,REMARKS,M_ORG_ID) values ('1422','6239','NAGAPATTINAM/KILVELUR','TANGEDCO OWN SS','445');
Insert into M_SUBSTATION (ID,CODE,NAME,REMARKS,M_ORG_ID) values ('1423','6242','NAGAPATTINAM/VETTAIKKARANIRUPPU','TANGEDCO OWN SS','445');
Insert into M_SUBSTATION (ID,CODE,NAME,REMARKS,M_ORG_ID) values ('1424','6212','NAGAPPATTINAM 110 KV','TANGEDCO OWN SS','445');
Insert into M_SUBSTATION (ID,CODE,NAME,REMARKS,M_ORG_ID) values ('1425','6241','NGAGAI/AYYAKARANPULAM','TANGEDCO OWN SS','445');
Insert into M_SUBSTATION (ID,CODE,NAME,REMARKS,M_ORG_ID) values ('1426','6219','PALAIYUR 110 KV','TANGEDCO OWN SS','445');
Insert into M_SUBSTATION (ID,CODE,NAME,REMARKS,M_ORG_ID) values ('1427','6203','PORAIYAR 33 KV','TANGEDCO OWN SS','445');
Insert into M_SUBSTATION (ID,CODE,NAME,REMARKS,M_ORG_ID) values ('1428','6240','SIRKALI/EDAMANAL','TANGEDCO OWN SS','445');
Insert into M_SUBSTATION (ID,CODE,NAME,REMARKS,M_ORG_ID) values ('1429','6250','Sirkali Manalmedu','TANGEDCO OWN SS','445');
Insert into M_SUBSTATION (ID,CODE,NAME,REMARKS,M_ORG_ID) values ('1430','6250','Sirkali/Manalmedu','TANGEDCO OWN SS','445');
Insert into M_SUBSTATION (ID,CODE,NAME,REMARKS,M_ORG_ID) values ('1431','6250','Sirkali/Manalmedu110KV','TANGEDCO OWN SS','445');
Insert into M_SUBSTATION (ID,CODE,NAME,REMARKS,M_ORG_ID) values ('1432','6251','Sirkali/Manalmedu110KV','TANGEDCO OWN SS','445');
Insert into M_SUBSTATION (ID,CODE,NAME,REMARKS,M_ORG_ID) values ('1433','6216','THIRUKUVALAI 33 KV','TANGEDCO OWN SS','445');
Insert into M_SUBSTATION (ID,CODE,NAME,REMARKS,M_ORG_ID) values ('1434','300','THIRUMANGALAM 33/11 KV SS','TANGEDCO OWN SS','445');
Insert into M_SUBSTATION (ID,CODE,NAME,REMARKS,M_ORG_ID) values ('1435','200','THIRUMARUGAL 33/11KV SS','TANGEDCO OWN SS','445');
Insert into M_SUBSTATION (ID,CODE,NAME,REMARKS,M_ORG_ID) values ('1436','6221','THIRUVENGADU 110 KV','TANGEDCO OWN SS','445');
Insert into M_SUBSTATION (ID,CODE,NAME,REMARKS,M_ORG_ID) values ('1437','6238','TVR/ADIYAKKAMANGALAM','TANGEDCO OWN SS','445');
Insert into M_SUBSTATION (ID,CODE,NAME,REMARKS,M_ORG_ID) values ('1438','6222','VAITHEESWARAN KOIL 110 KV','TANGEDCO OWN SS','445');
Insert into M_SUBSTATION (ID,CODE,NAME,REMARKS,M_ORG_ID) values ('1439','6222','VAITHISWARANKOIL','TANGEDCO OWN SS','445');
Insert into M_SUBSTATION (ID,CODE,NAME,REMARKS,M_ORG_ID) values ('1440','6230','VEDARANYAM 33 KV','TANGEDCO OWN SS','445');
Insert into M_SUBSTATION (ID,CODE,NAME,REMARKS,M_ORG_ID) values ('1441','100','VETTAIKARANIRUPPU 33/11 KV SS','TANGEDCO OWN SS','445');
Insert into M_SUBSTATION (ID,CODE,NAME,REMARKS,M_ORG_ID) values ('1442','6211','VOIMEDU 66 KV','TANGEDCO OWN SS','445');
Insert into M_SUBSTATION (ID,CODE,NAME,REMARKS,M_ORG_ID) values ('1443','6327',' T.NALLUR','TANGEDCO OWN SS','446');
Insert into M_SUBSTATION (ID,CODE,NAME,REMARKS,M_ORG_ID) values ('1444','6177','A.THEKKUR 110/11 KV SS','TANGEDCO OWN SS','446');
Insert into M_SUBSTATION (ID,CODE,NAME,REMARKS,M_ORG_ID) values ('1445','6309','ADHANAKOTTAI 110 KV','TANGEDCO OWN SS','446');
Insert into M_SUBSTATION (ID,CODE,NAME,REMARKS,M_ORG_ID) values ('1446','6301','ALANGUDI 110 KV','TANGEDCO OWN SS','446');
Insert into M_SUBSTATION (ID,CODE,NAME,REMARKS,M_ORG_ID) values ('1447','6302','ALIYANILAI 110 KV','TANGEDCO OWN SS','446');
Insert into M_SUBSTATION (ID,CODE,NAME,REMARKS,M_ORG_ID) values ('1448','6618','ALUNDUR 110/33-11 KV SS','TANGEDCO OWN SS','446');
Insert into M_SUBSTATION (ID,CODE,NAME,REMARKS,M_ORG_ID) values ('1449','6326','ANNAPANNAI 33 KV','TANGEDCO OWN SS','446');
Insert into M_SUBSTATION (ID,CODE,NAME,REMARKS,M_ORG_ID) values ('1450','6321','ARIMALAM 33 KV (UM)','TANGEDCO OWN SS','446');
Insert into M_SUBSTATION (ID,CODE,NAME,REMARKS,M_ORG_ID) values ('1451','6325','AVANATHANKKOTTAI 33 KV','TANGEDCO OWN SS','446');
Insert into M_SUBSTATION (ID,CODE,NAME,REMARKS,M_ORG_ID) values ('1452','6318','AVUDIYARKOIL 66 KV (LT)','TANGEDCO OWN SS','446');
Insert into M_SUBSTATION (ID,CODE,NAME,REMARKS,M_ORG_ID) values ('1453','6313','ILUPPUR 33 KV','TANGEDCO OWN SS','446');
Insert into M_SUBSTATION (ID,CODE,NAME,REMARKS,M_ORG_ID) values ('1454','6303','KARAMBAKKUDY 110 KV','TANGEDCO OWN SS','446');
Insert into M_SUBSTATION (ID,CODE,NAME,REMARKS,M_ORG_ID) values ('1455','6314','KEERAMANGALAM 33 KV','TANGEDCO OWN SS','446');
Insert into M_SUBSTATION (ID,CODE,NAME,REMARKS,M_ORG_ID) values ('1456','6320','KODIKULAM 33 KV (UM)','TANGEDCO OWN SS','446');
Insert into M_SUBSTATION (ID,CODE,NAME,REMARKS,M_ORG_ID) values ('1457','6304','KONNAIYUR 110 KV','TANGEDCO OWN SS','446');
Insert into M_SUBSTATION (ID,CODE,NAME,REMARKS,M_ORG_ID) values ('1458','6323','KUNNANDARKOIL 33 KV','TANGEDCO OWN SS','446');
Insert into M_SUBSTATION (ID,CODE,NAME,REMARKS,M_ORG_ID) values ('1459','6319','MARAMADAKKI 33 KV (UM)','TANGEDCO OWN SS','446');
Insert into M_SUBSTATION (ID,CODE,NAME,REMARKS,M_ORG_ID) values ('1460','6305','MATHUR 110 KV','TANGEDCO OWN SS','446');
Insert into M_SUBSTATION (ID,CODE,NAME,REMARKS,M_ORG_ID) values ('1461','6324','MELATHANIYAM 33 KV','TANGEDCO OWN SS','446');
Insert into M_SUBSTATION (ID,CODE,NAME,REMARKS,M_ORG_ID) values ('1462','6335','Malaiyur 110/22KV SS','TANGEDCO OWN SS','446');
Insert into M_SUBSTATION (ID,CODE,NAME,REMARKS,M_ORG_ID) values ('1463','6310','NAGUDY 110 KV','TANGEDCO OWN SS','446');
Insert into M_SUBSTATION (ID,CODE,NAME,REMARKS,M_ORG_ID) values ('1464','300','NEDUVASAL 33/11 KV SS','TANGEDCO OWN SS','446');
Insert into M_SUBSTATION (ID,CODE,NAME,REMARKS,M_ORG_ID) values ('1465','6317','PALAYA GANDARVAKOTTAI 66','TANGEDCO OWN SS','446');
Insert into M_SUBSTATION (ID,CODE,NAME,REMARKS,M_ORG_ID) values ('1466','6306','PUDUKKOTTAI 110 KV','TANGEDCO OWN SS','446');
Insert into M_SUBSTATION (ID,CODE,NAME,REMARKS,M_ORG_ID) values ('1467','100','PUDUPATTY 33/11 KV SS','TANGEDCO OWN SS','446');
Insert into M_SUBSTATION (ID,CODE,NAME,REMARKS,M_ORG_ID) values ('1468','6311','PUNALKULAM 110 KV','TANGEDCO OWN SS','446');
Insert into M_SUBSTATION (ID,CODE,NAME,REMARKS,M_ORG_ID) values ('1469','200','REGUNATHAPURAM 33/11 KV SS','TANGEDCO OWN SS','446');
Insert into M_SUBSTATION (ID,CODE,NAME,REMARKS,M_ORG_ID) values ('1470','6307','SIPCOT 110 KV','TANGEDCO OWN SS','446');
Insert into M_SUBSTATION (ID,CODE,NAME,REMARKS,M_ORG_ID) values ('1471','6312','THIRUMAYAM 110 KV','TANGEDCO OWN SS','446');
Insert into M_SUBSTATION (ID,CODE,NAME,REMARKS,M_ORG_ID) values ('1472','6322','VADAKADU 110 KV','TANGEDCO OWN SS','446');
Insert into M_SUBSTATION (ID,CODE,NAME,REMARKS,M_ORG_ID) values ('1473','6327','VADUGAPATTY110/33-11KV SS','TANGEDCO OWN SS','446');
Insert into M_SUBSTATION (ID,CODE,NAME,REMARKS,M_ORG_ID) values ('1474','6316','VIRALIMALAI 33 KV','TANGEDCO OWN SS','446');
Insert into M_SUBSTATION (ID,CODE,NAME,REMARKS,M_ORG_ID) values ('1475','3408','kanadukathan 110/22 KV SS','TANGEDCO OWN SS','446');
Insert into M_SUBSTATION (ID,CODE,NAME,REMARKS,M_ORG_ID) values ('1476','3104','AMMAIYANAICKANUR 110 KV','TANGEDCO OWN SS','450');
Insert into M_SUBSTATION (ID,CODE,NAME,REMARKS,M_ORG_ID) values ('1477','3101','ANGUNAGAR 110 KV','TANGEDCO OWN SS','450');
Insert into M_SUBSTATION (ID,CODE,NAME,REMARKS,M_ORG_ID) values ('1478','3124','AYYALUR 110 KV','TANGEDCO OWN SS','450');
Insert into M_SUBSTATION (ID,CODE,NAME,REMARKS,M_ORG_ID) values ('1479','3131','AYYAMPALAYAM','TANGEDCO OWN SS','450');
Insert into M_SUBSTATION (ID,CODE,NAME,REMARKS,M_ORG_ID) values ('1480','3116','BATLAGUNDU 110 KV','TANGEDCO OWN SS','450');
Insert into M_SUBSTATION (ID,CODE,NAME,REMARKS,M_ORG_ID) values ('1481','3110','CHATRAPATTY 33 KV','TANGEDCO OWN SS','450');
Insert into M_SUBSTATION (ID,CODE,NAME,REMARKS,M_ORG_ID) values ('1482','3135','CHINNAKKAMPATTY 110/22 KV','TANGEDCO OWN SS','450');
Insert into M_SUBSTATION (ID,CODE,NAME,REMARKS,M_ORG_ID) values ('1483','3119','DINDIGUL 110 KV','TANGEDCO OWN SS','450');
Insert into M_SUBSTATION (ID,CODE,NAME,REMARKS,M_ORG_ID) values ('1484','3138','ELUVANAMPATTY 110/22KV','TANGEDCO OWN SS','450');
Insert into M_SUBSTATION (ID,CODE,NAME,REMARKS,M_ORG_ID) values ('1485','3106','ERIODU 110 KV','TANGEDCO OWN SS','450');
Insert into M_SUBSTATION (ID,CODE,NAME,REMARKS,M_ORG_ID) values ('1486','3133','GANDHIGRAMAM','TANGEDCO OWN SS','450');
Insert into M_SUBSTATION (ID,CODE,NAME,REMARKS,M_ORG_ID) values ('1487','3113','KALLIMANDAYAM 110 KV','TANGEDCO OWN SS','450');
Insert into M_SUBSTATION (ID,CODE,NAME,REMARKS,M_ORG_ID) values ('1488','3109','KANNIVADI 110 KV','TANGEDCO OWN SS','450');
Insert into M_SUBSTATION (ID,CODE,NAME,REMARKS,M_ORG_ID) values ('1489','3127','KODAIKANNAL 110 KV','TANGEDCO OWN SS','450');
Insert into M_SUBSTATION (ID,CODE,NAME,REMARKS,M_ORG_ID) values ('1490','3140','KOSAVAPATTY 110/22-11KV SS','TANGEDCO OWN SS','450');
Insert into M_SUBSTATION (ID,CODE,NAME,REMARKS,M_ORG_ID) values ('1491','3103','KOVILUR 110 KV','TANGEDCO OWN SS','450');
Insert into M_SUBSTATION (ID,CODE,NAME,REMARKS,M_ORG_ID) values ('1492','3311','MINNUKKAMPATTY   110KV','TANGEDCO OWN SS','450');
Insert into M_SUBSTATION (ID,CODE,NAME,REMARKS,M_ORG_ID) values ('1493','3118','NATHAM 110 KV','TANGEDCO OWN SS','450');
Insert into M_SUBSTATION (ID,CODE,NAME,REMARKS,M_ORG_ID) values ('1494','3114','ODDANCHATRAM 110 KV','TANGEDCO OWN SS','450');
Insert into M_SUBSTATION (ID,CODE,NAME,REMARKS,M_ORG_ID) values ('1495','3137','ODDENCHATRAM/RETTIYARCHATRAM 110/22','TANGEDCO OWN SS','450');
Insert into M_SUBSTATION (ID,CODE,NAME,REMARKS,M_ORG_ID) values ('1496','3112','PALANI 110 KV','TANGEDCO OWN SS','450');
Insert into M_SUBSTATION (ID,CODE,NAME,REMARKS,M_ORG_ID) values ('1497','3126','PALAYAM 110 KV','TANGEDCO OWN SS','450');
Insert into M_SUBSTATION (ID,CODE,NAME,REMARKS,M_ORG_ID) values ('1498','3139','PAPPAMPATTY 110/22KV','TANGEDCO OWN SS','450');
Insert into M_SUBSTATION (ID,CODE,NAME,REMARKS,M_ORG_ID) values ('1499','3115','RAMARAJAPURAM 110 KV','TANGEDCO OWN SS','450');
Insert into M_SUBSTATION (ID,CODE,NAME,REMARKS,M_ORG_ID) values ('1500','3128','RENGANATHAPURAM 110 KV','TANGEDCO OWN SS','450');
Insert into M_SUBSTATION (ID,CODE,NAME,REMARKS,M_ORG_ID) values ('1501','3121','SEMBATTY 110 KV','TANGEDCO OWN SS','450');
Insert into M_SUBSTATION (ID,CODE,NAME,REMARKS,M_ORG_ID) values ('1502','3123','SENDURAI 33 KV','TANGEDCO OWN SS','450');
Insert into M_SUBSTATION (ID,CODE,NAME,REMARKS,M_ORG_ID) values ('1503','3122','SENGURICHI 110 KV','TANGEDCO OWN SS','450');
Insert into M_SUBSTATION (ID,CODE,NAME,REMARKS,M_ORG_ID) values ('1504','3129','SINDALAVADAMPATTY','TANGEDCO OWN SS','450');
Insert into M_SUBSTATION (ID,CODE,NAME,REMARKS,M_ORG_ID) values ('1505','3102','SITHARGALNATHAM 110 KV','TANGEDCO OWN SS','450');
Insert into M_SUBSTATION (ID,CODE,NAME,REMARKS,M_ORG_ID) values ('1506','3108','THADICOMBU 110 KV','TANGEDCO OWN SS','450');
Insert into M_SUBSTATION (ID,CODE,NAME,REMARKS,M_ORG_ID) values ('1507','3111','THALAIYUTHU 110 KV','TANGEDCO OWN SS','450');
Insert into M_SUBSTATION (ID,CODE,NAME,REMARKS,M_ORG_ID) values ('1508','3130','THAMARAIPADY','TANGEDCO OWN SS','450');
Insert into M_SUBSTATION (ID,CODE,NAME,REMARKS,M_ORG_ID) values ('1509','3105','V.KURUMBAPATTY 110 KV','TANGEDCO OWN SS','450');
Insert into M_SUBSTATION (ID,CODE,NAME,REMARKS,M_ORG_ID) values ('1510','3117','VADAMADURAI 110 KV','TANGEDCO OWN SS','450');
Insert into M_SUBSTATION (ID,CODE,NAME,REMARKS,M_ORG_ID) values ('1511','3136','VAGARAI  110/22 KV','TANGEDCO OWN SS','450');
Insert into M_SUBSTATION (ID,CODE,NAME,REMARKS,M_ORG_ID) values ('1512','3107','VALLIPATTY 33 KV','TANGEDCO OWN SS','450');
Insert into M_SUBSTATION (ID,CODE,NAME,REMARKS,M_ORG_ID) values ('1513','3120','VEDASANDUR 110 KV','TANGEDCO OWN SS','450');
Insert into M_SUBSTATION (ID,CODE,NAME,REMARKS,M_ORG_ID) values ('1514','3132','VITALNAICENPATTY','TANGEDCO OWN SS','450');
Insert into M_SUBSTATION (ID,CODE,NAME,REMARKS,M_ORG_ID) values ('1515','452','ALAGARKOIL  110KV SS','TANGEDCO OWN SS','452');
Insert into M_SUBSTATION (ID,CODE,NAME,REMARKS,M_ORG_ID) values ('1516','3224','ALAGARKOIL 110 KV','TANGEDCO OWN SS','452');
Insert into M_SUBSTATION (ID,CODE,NAME,REMARKS,M_ORG_ID) values ('1517','452','CHECKANOORANI 110KV SS','TANGEDCO OWN SS','452');
Insert into M_SUBSTATION (ID,CODE,NAME,REMARKS,M_ORG_ID) values ('1518','3230','CHINNAKATTALAI 110 KV','TANGEDCO OWN SS','452');
Insert into M_SUBSTATION (ID,CODE,NAME,REMARKS,M_ORG_ID) values ('1519','452','EAST MADURAI/VALAYANKULAM  110KV SS','TANGEDCO OWN SS','452');
Insert into M_SUBSTATION (ID,CODE,NAME,REMARKS,M_ORG_ID) values ('1520','3217','ELUMALAI 110 KV','TANGEDCO OWN SS','452');
Insert into M_SUBSTATION (ID,CODE,NAME,REMARKS,M_ORG_ID) values ('1521','3204','INDL.ESTATE 110 KV','TANGEDCO OWN SS','452');
Insert into M_SUBSTATION (ID,CODE,NAME,REMARKS,M_ORG_ID) values ('1522','3213','KALLIGUDY 33 KV','TANGEDCO OWN SS','452');
Insert into M_SUBSTATION (ID,CODE,NAME,REMARKS,M_ORG_ID) values ('1523','3215','KAPPALUR 110 KV','TANGEDCO OWN SS','452');
Insert into M_SUBSTATION (ID,CODE,NAME,REMARKS,M_ORG_ID) values ('1524','3225','KOTTAMPATTY 110 KV','TANGEDCO OWN SS','452');
Insert into M_SUBSTATION (ID,CODE,NAME,REMARKS,M_ORG_ID) values ('1525','3232','MANIKKAMPATTY','TANGEDCO OWN SS','452');
Insert into M_SUBSTATION (ID,CODE,NAME,REMARKS,M_ORG_ID) values ('1526','3208','MELUR 110 KV','TANGEDCO OWN SS','452');
Insert into M_SUBSTATION (ID,CODE,NAME,REMARKS,M_ORG_ID) values ('1527','3219','MONDIKUNDU 110 KV','TANGEDCO OWN SS','452');
Insert into M_SUBSTATION (ID,CODE,NAME,REMARKS,M_ORG_ID) values ('1528','3206','NARASINGAMPATTY 110 KV','TANGEDCO OWN SS','452');
Insert into M_SUBSTATION (ID,CODE,NAME,REMARKS,M_ORG_ID) values ('1529','3209','SAMAYANALLUR 110 KV','TANGEDCO OWN SS','452');
Insert into M_SUBSTATION (ID,CODE,NAME,REMARKS,M_ORG_ID) values ('1530','3214','SAPTUR 33 KV','TANGEDCO OWN SS','452');
Insert into M_SUBSTATION (ID,CODE,NAME,REMARKS,M_ORG_ID) values ('1531','9010','ANTHIUR 110/22 KV','TANGEDCO OWN SS','434');
Insert into M_SUBSTATION (ID,CODE,NAME,REMARKS,M_ORG_ID) values ('1532','9011','GUDIMANGALAM   110/22 KV SS','TANGEDCO OWN SS','434');
Insert into M_SUBSTATION (ID,CODE,NAME,REMARKS,M_ORG_ID) values ('1533','9012','PONNAPURAM   110/33-22KV  SS ','TANGEDCO OWN SS','434');
Insert into M_SUBSTATION (ID,CODE,NAME,REMARKS,M_ORG_ID) values ('1534','9013','THUNGAVI   110/22 KV SS','TANGEDCO OWN SS','434');
Insert into M_SUBSTATION (ID,CODE,NAME,REMARKS,M_ORG_ID) values ('1535','9014','KONGALNAGARAM 110/33-22 KV SS','TANGEDCO OWN SS','434');
Insert into M_SUBSTATION (ID,CODE,NAME,REMARKS,M_ORG_ID) values ('1536','9015','CHINNAPUTHUR 110/22 KV SS','SECTION 10(1)SS','434');
Insert into M_SUBSTATION (ID,CODE,NAME,REMARKS,M_ORG_ID) values ('1537','9016','MARUTHUR 110/22 KV SS','TANGEDCO OWN SS','434');
Insert into M_SUBSTATION (ID,CODE,NAME,REMARKS,M_ORG_ID) values ('1538','9019','SADAYAPALAYAM 230/33KV   ','TANGEDCO OWN SS','434');
Insert into M_SUBSTATION (ID,CODE,NAME,REMARKS,M_ORG_ID) values ('1539','9000','PERUNGUDI SS','TANGEDCO OWN SS','472');
Insert into M_SUBSTATION (ID,CODE,NAME,REMARKS,M_ORG_ID) values ('1540','9001','ANNA NAGAR SS','TANGEDCO OWN SS','472');
Insert into M_SUBSTATION (ID,CODE,NAME,REMARKS,M_ORG_ID) values ('1541','9002','VADAKKANKULAM SS','TANGEDCO OWN SS','472');
Insert into M_SUBSTATION (ID,CODE,NAME,REMARKS,M_ORG_ID) values ('1542','9003','RADHAPURAM SS','TANGEDCO OWN SS','472');
Insert into M_SUBSTATION (ID,CODE,NAME,REMARKS,M_ORG_ID) values ('1543','9004','PAZHAVOOR SS','TANGEDCO OWN SS','472');
Insert into M_SUBSTATION (ID,CODE,NAME,REMARKS,M_ORG_ID) values ('1544','9005','KARUNGULAM SS','TANGEDCO OWN SS','472');
Insert into M_SUBSTATION (ID,CODE,NAME,REMARKS,M_ORG_ID) values ('1545','9006','MAHARAJAPURAM SS','TANGEDCO OWN SS','472');
Insert into M_SUBSTATION (ID,CODE,NAME,REMARKS,M_ORG_ID) values ('1546','9007','CHIHAMBARAPURAM SS','TANGEDCO OWN SS','472');
Insert into M_SUBSTATION (ID,CODE,NAME,REMARKS,M_ORG_ID) values ('1547','9008','THANDAIYARKULAM SS','TANGEDCO OWN SS','472');
Insert into M_SUBSTATION (ID,CODE,NAME,REMARKS,M_ORG_ID) values ('1548','9009','UDAYATHOOR SS','TANGEDCO OWN SS','472');
Insert into M_SUBSTATION (ID,CODE,NAME,REMARKS,M_ORG_ID) values ('1549','9010','SANGANERI SS','TANGEDCO OWN SS','472');
Insert into M_SUBSTATION (ID,CODE,NAME,REMARKS,M_ORG_ID) values ('1550','9011','IRUKKANTHURAI SS','TANGEDCO OWN SS','472');
Insert into M_SUBSTATION (ID,CODE,NAME,REMARKS,M_ORG_ID) values ('1551','9011','VIJAYAPATHI SS','SECTION 10(1)SS','472');
Insert into M_SUBSTATION (ID,CODE,NAME,REMARKS,M_ORG_ID) values ('1552','9012','SAMUGARENGAPURAM SS','SECTION 10(1)SS','472');
Insert into M_SUBSTATION (ID,CODE,NAME,REMARKS,M_ORG_ID) values ('1553','9012','MUPPANDAL SS','TANGEDCO OWN SS','474');
Insert into M_SUBSTATION (ID,CODE,NAME,REMARKS,M_ORG_ID) values ('1554','9013','KANNANALLOR','TANGEDCO OWN SS','474');
Insert into M_SUBSTATION (ID,CODE,NAME,REMARKS,M_ORG_ID) values ('1555','9020','KALNEERKULAM SS','TANGEDCO OWN SS','472');
Insert into M_SUBSTATION (ID,CODE,NAME,REMARKS,M_ORG_ID) values ('1556','9021','KEELAVEERAANAM SS (10/1 SS)','TANGEDCO OWN SS','472');
Insert into M_SUBSTATION (ID,CODE,NAME,REMARKS,M_ORG_ID) values ('1557','9000','GAMESA SS - I ','SECTION 10(1)SS','476');
Insert into M_SUBSTATION (ID,CODE,NAME,REMARKS,M_ORG_ID) values ('1558','9001','GAMESA SS- II','SECTION 10(1)SS','476');
Insert into M_SUBSTATION (ID,CODE,NAME,REMARKS,M_ORG_ID) values ('1559','9002','REGEN - I SS ','SECTION 10(1)SS','476');
Insert into M_SUBSTATION (ID,CODE,NAME,REMARKS,M_ORG_ID) values ('1560','9003','REGEN - II SS ','SECTION 10(1)SS','476');
Insert into M_SUBSTATION (ID,CODE,NAME,REMARKS,M_ORG_ID) values ('1561','9909','Muppandal SS ','TANGEDCO OWN SS','472');
Insert into M_SUBSTATION (ID,CODE,NAME,REMARKS,M_ORG_ID) values ('1562','9102','Kannanalloor SS','TANGEDCO OWN SS','472');
Insert into M_SUBSTATION (ID,CODE,NAME,REMARKS,M_ORG_ID) values ('1563','9000','TESTSS','TANGEDCO OWN SS','400');
Insert into M_SUBSTATION (ID,CODE,NAME,REMARKS,M_ORG_ID) values ('1564','9000','KETHANUR ','TANGEDCO OWN SS','432');
Insert into M_SUBSTATION (ID,CODE,NAME,REMARKS,M_ORG_ID) values ('1565','9001','KARADIVAVI','TANGEDCO OWN SS','432');
Insert into M_SUBSTATION (ID,CODE,NAME,REMARKS,M_ORG_ID) values ('1566','9002','PANAPATTY','TANGEDCO OWN SS','432');







REM INSERTING into OPEN_ACCESS.M_USER
SET DEFINE OFF;
Insert into OPEN_ACCESS.M_USER (ID,FIRST_NAME,LAST_NAME,TYPE,ENABLED,M_ORG_ID,M_COMPANY_ID) values ('1','TNEB','IT','I',null,null,null);
Insert into OPEN_ACCESS.M_USER (ID,FIRST_NAME,LAST_NAME,TYPE,ENABLED,M_ORG_ID,M_COMPANY_ID) values ('2','OA','Admin','A',null,null,null);
Insert into OPEN_ACCESS.M_USER (ID,FIRST_NAME,LAST_NAME,TYPE,ENABLED,M_ORG_ID,M_COMPANY_ID) values ('3','asian','paints user','E',null,null,null);
Insert into OPEN_ACCESS.M_USER (ID,FIRST_NAME,LAST_NAME,TYPE,ENABLED,M_ORG_ID,M_COMPANY_ID) values ('4','VV','user','E',null,null,null);
Insert into OPEN_ACCESS.M_USER (ID,FIRST_NAME,LAST_NAME,TYPE,ENABLED,M_ORG_ID,M_COMPANY_ID) values ('5','SLDC','TANTRANSCO','I',null,null,null);
Insert into OPEN_ACCESS.M_USER (ID,FIRST_NAME,LAST_NAME,TYPE,ENABLED,M_ORG_ID,M_COMPANY_ID) values ('6','SLDC-OA','TANTRANSCO','I',null,null,null);
Insert into OPEN_ACCESS.M_USER (ID,FIRST_NAME,LAST_NAME,TYPE,ENABLED,M_ORG_ID,M_COMPANY_ID) values ('7','PPP','TANGEDCO','I',null,null,null);
Insert into OPEN_ACCESS.M_USER (ID,FIRST_NAME,LAST_NAME,TYPE,ENABLED,M_ORG_ID,M_COMPANY_ID) values ('8','NCES','TANGEDCO','I',null,null,null);
Insert into OPEN_ACCESS.M_USER (ID,FIRST_NAME,LAST_NAME,TYPE,ENABLED,M_ORG_ID,M_COMPANY_ID) values ('9','edc','TANGEDCO','I',null,null,null);
Insert into OPEN_ACCESS.M_USER (ID,FIRST_NAME,LAST_NAME,TYPE,ENABLED,M_ORG_ID,M_COMPANY_ID) values ('10','account','TNEB','I',null,null,null);




COMMIT;
